Zini,MH,logAge,Mini,int_IMF,Mass,logL,logTe,logg,label,McoreTP,C_O,period0,period1,period2,period3,period4,pmode,Mloss,tau1m,X,Y,Xc,Xn,Xo,Cexcess,Z,mbolmag,F435Wmag,F475Wmag,F555Wmag,F606Wmag,F625Wmag,F775Wmag,F814Wmag
4.9184e-05,-2.19174,10.00000,0.1000000015,1.1711064122,0.100,-2.782,3.5584,5.406,1,0.000,0.545,0.00,0.00,0.00,0.00,0.00,-1,-1.3e-16,0.00,7.463e-01,2.536e-01,1.798e-05,4.851e-06,4.400e-05,-1.000,1.000e-04,11.726,14.389,13.806,12.940,12.322,11.954,11.060,10.934
4.9184e-05,-2.19174,10.00000,0.1098214313,1.2482754908,0.109,-2.634,3.5738,5.357,1,0.000,0.545,0.00,0.00,0.00,0.00,0.00,-1,-1.85e-16,0.00,7.448e-01,2.551e-01,1.798e-05,4.851e-06,4.400e-05,-1.000,1.000e-04,11.354,13.766,13.222,12.435,11.854,11.500,10.703,10.587
4.9184e-05,-2.19174,10.00000,0.1294642836,1.3786745408,0.129,-2.393,3.5963,5.278,1,0.000,0.545,0.00,0.00,0.00,0.00,0.00,-1,-3.25e-16,0.00,7.422e-01,2.577e-01,1.798e-05,4.851e-06,4.400e-05,-1.000,1.000e-04,10.752,12.832,12.335,11.649,11.144,10.822,10.111,10.007
4.9184e-05,-2.19174,10.00000,0.1491071582,1.4855959672,0.149,-2.231,3.6076,5.224,1,0.000,0.545,0.00,0.00,0.00,0.00,0.00,-1,-4.67e-16,0.00,7.405e-01,2.594e-01,1.798e-05,4.851e-06,4.400e-05,-1.000,9.996e-05,10.348,12.287,11.810,11.163,10.694,10.387,9.708,9.609
4.9184e-05,-2.19174,10.00000,0.1687500030,1.5756139920,0.168,-2.106,3.6150,5.181,1,0.000,0.545,0.00,0.00,0.00,0.00,0.00,-1,-6.17e-16,0.00,7.397e-01,2.602e-01,1.798e-05,4.851e-06,4.400e-05,-1.000,9.999e-05,10.034,11.888,11.423,10.800,10.350,10.054,9.393,9.297
4.9184e-05,-2.19174,10.00000,0.2080357224,1.7204495903,0.207,-1.902,3.6260,5.112,1,0.000,0.545,0.00,0.00,0.00,0.00,0.00,-1,-9.62e-16,0.00,7.392e-01,2.607e-01,1.798e-05,4.851e-06,4.400e-05,-1.000,1.000e-04,9.524,11.257,10.810,10.217,9.797,9.514,8.879,8.788
4.9184e-05,-2.19174,10.00000,0.2571428716,1.8581268277,0.257,-1.712,3.6360,5.055,1,0.000,0.545,0.00,0.00,0.00,0.00,0.00,-1,-1.43e-15,0.00,7.393e-01,2.606e-01,1.798e-05,4.852e-06,4.400e-05,-1.000,1.001e-04,9.049,10.679,10.247,9.679,9.283,9.011,8.400,8.313
4.9184e-05,-2.19174,10.00000,0.3062500358,1.9652636675,0.306,-1.565,3.6444,5.018,1,0.000,0.545,0.00,0.00,0.00,0.00,0.00,-1,-1.92e-15,0.00,7.394e-01,2.605e-01,1.797e-05,4.852e-06,4.400e-05,-1.000,1.000e-04,8.682,10.231,9.812,9.263,8.884,8.622,8.030,7.946
4.9184e-05,-2.19174,10.00000,0.3553571403,2.0521113302,0.355,-1.442,3.6522,4.991,1,0.000,0.544,0.00,0.00,0.00,0.00,0.00,-1,-2.44e-15,0.00,7.404e-01,2.595e-01,1.796e-05,4.853e-06,4.400e-05,-1.000,1.000e-04,8.375,9.851,9.444,8.913,8.549,8.295,7.719,7.638
4.9184e-05,-2.19174,10.00000,0.4044643044,2.1246090444,0.404,-1.324,3.6604,4.962,1,0.000,0.545,0.00,0.00,0.00,0.00,0.00,-1,-3.1e-15,0.00,7.502e-01,2.497e-01,1.798e-05,4.851e-06,4.400e-05,-1.000,9.993e-05,8.079,9.480,9.088,8.574,8.226,7.979,7.421,7.343
4.9184e-05,-2.19174,10.00000,0.4535714388,2.1864813481,0.453,-1.180,3.6734,4.920,1,0.000,0.545,0.00,0.00,0.00,0.00,0.00,-1,-4.27e-15,0.00,7.507e-01,2.492e-01,1.798e-05,4.851e-06,4.400e-05,-1.000,9.996e-05,7.721,9.007,8.640,8.154,7.829,7.594,7.063,6.990
4.9184e-05,-2.19174,10.00000,0.5026785731,2.2401984691,0.503,-1.021,3.6875,4.863,1,0.000,0.545,0.00,0.00,0.00,0.00,0.00,-1,-6.25e-15,0.00,7.523e-01,2.476e-01,1.788e-05,4.824e-06,4.375e-05,-1.000,9.996e-05,7.323,8.490,8.151,7.696,7.394,7.173,6.671,6.603
4.9184e-05,-2.19174,10.00000,0.5517857671,2.2851312492,0.551,-0.830,3.7060,4.786,1,0.000,0.544,0.00,0.00,0.00,0.00,0.00,-1,-1.01e-14,0.00,7.793e-01,2.206e-01,1.605e-05,4.332e-06,3.930e-05,-1.000,9.999e-05,6.846,7.869,7.569,7.154,6.880,6.675,6.211,6.149
4.9184e-05,-2.19174,10.00000,0.5857202411,2.3111709190,0.585,-0.694,3.7222,4.740,1,0.000,0.544,0.00,0.00,0.00,0.00,0.00,-1,-1.41e-14,0.00,7.868e-01,2.131e-01,1.556e-05,4.202e-06,3.813e-05,-1.000,9.999e-05,6.505,7.416,7.148,6.767,6.516,6.323,5.890,5.835
4.9184e-05,-2.19174,10.00000,0.6008928418,2.3217254164,0.600,-0.635,3.7292,4.721,1,0.000,0.544,0.00,0.00,0.00,0.00,0.00,-1,-1.63e-14,0.00,7.901e-01,2.098e-01,1.535e-05,4.145e-06,3.762e-05,-1.000,1.000e-04,6.359,7.225,6.971,6.603,6.361,6.174,5.754,5.700
4.9184e-05,-2.19174,10.00000,0.6122335196,2.3292226637,0.612,-0.588,3.7354,4.707,1,0.000,0.544,0.00,0.00,0.00,0.00,0.00,-1,-1.84e-14,0.00,7.933e-01,2.066e-01,1.514e-05,4.090e-06,3.713e-05,-1.000,9.997e-05,6.240,7.071,6.828,6.472,6.237,6.054,5.646,5.595
4.9184e-05,-2.19174,10.00000,0.6268575788,2.3384315207,0.627,-0.527,3.7435,4.688,1,0.000,0.544,0.00,0.00,0.00,0.00,0.00,-1,-2.13e-14,0.00,7.976e-01,2.023e-01,1.486e-05,4.015e-06,3.645e-05,-1.000,1.000e-04,6.088,6.874,6.644,6.303,6.078,5.902,5.509,5.459
4.9184e-05,-2.19174,10.00000,0.6399217844,2.3462501009,0.640,-0.472,3.7507,4.671,1,0.000,0.543,0.00,0.00,0.00,0.00,0.00,-1,-2.44e-14,0.00,8.018e-01,1.982e-01,1.460e-05,3.944e-06,3.582e-05,-1.000,8.047e-05,5.950,6.700,6.482,6.154,5.938,5.768,5.387,5.341
4.9184e-05,-2.19174,10.00000,0.6499999762,2.3520353107,0.650,-0.430,3.7563,4.657,1,0.000,0.543,0.00,0.00,0.00,0.00,0.00,-1,-2.71e-14,0.00,8.051e-01,1.948e-01,1.438e-05,3.886e-06,3.530e-05,-1.000,4.314e-05,5.844,6.566,6.357,6.040,5.831,5.665,5.294,5.249
4.9184e-05,-2.19174,10.00000,0.6578151584,2.3563814217,0.658,-0.396,3.7604,4.646,1,0.000,0.543,0.00,0.00,0.00,0.00,0.00,-1,-2.95e-14,0.00,8.084e-01,1.915e-01,1.417e-05,3.830e-06,3.479e-05,-1.000,1.000e-04,5.760,6.463,6.261,5.951,5.747,5.585,5.221,5.178
4.9184e-05,-2.19174,10.00000,0.6703730226,2.3631215241,0.670,-0.342,3.7670,4.626,1,0.000,0.543,0.00,0.00,0.00,0.00,0.00,-1,-3.39e-14,0.00,8.140e-01,1.859e-01,1.380e-05,3.734e-06,3.393e-05,-1.000,1.000e-04,5.625,6.300,6.108,5.809,5.613,5.455,5.103,5.061
4.9184e-05,-2.19174,10.00000,0.6827354431,2.3694789759,0.683,-0.288,3.7734,4.606,1,0.000,0.542,0.00,0.00,0.00,0.00,0.00,-1,-3.89e-14,0.00,8.200e-01,1.799e-01,1.342e-05,3.631e-06,3.301e-05,-1.000,9.999e-05,5.490,6.140,5.957,5.669,5.480,5.327,4.985,4.944
4.9184e-05,-2.19174,10.00000,0.6937190890,2.3749093271,0.694,-0.239,3.7789,4.586,1,0.000,0.542,0.00,0.00,0.00,0.00,0.00,-1,-4.42e-14,0.00,8.257e-01,1.742e-01,1.305e-05,3.534e-06,3.213e-05,-1.000,1.000e-04,5.368,5.998,5.822,5.544,5.360,5.211,4.877,4.838
4.9184e-05,-2.19174,10.00000,0.6999999881,2.3779266974,0.700,-0.211,3.7820,4.574,1,0.000,0.541,0.00,0.00,0.00,0.00,0.00,-1,-4.75e-14,0.00,8.291e-01,1.708e-01,1.283e-05,3.475e-06,3.160e-05,-1.000,1.000e-04,5.298,5.916,5.744,5.471,5.291,5.144,4.816,4.778
4.9184e-05,-2.19174,10.00000,0.7001399398,2.3779932221,0.700,-0.210,3.7821,4.574,1,0.000,0.541,0.00,0.00,0.00,0.00,0.00,-1,-4.76e-14,0.00,8.292e-01,1.707e-01,1.282e-05,3.474e-06,3.159e-05,-1.000,9.994e-05,5.296,5.914,5.743,5.470,5.289,5.142,4.814,4.776
4.9184e-05,-2.19174,10.00000,0.7127579451,2.3838678241,0.712,-0.152,3.7880,4.547,1,0.000,0.539,0.00,0.00,0.00,0.00,0.00,-1,-5.57e-14,0.00,8.363e-01,1.637e-01,1.237e-05,3.363e-06,3.062e-05,-1.000,7.498e-05,5.151,5.746,5.583,5.320,5.146,5.004,4.686,4.649
4.9184e-05,-2.19174,10.00000,0.7249027491,2.3893005615,0.725,-0.094,3.7935,4.518,1,0.000,0.536,0.00,0.00,0.00,0.00,0.00,-1,-6.52e-14,0.00,8.426e-01,1.573e-01,1.198e-05,3.269e-06,2.979e-05,-1.000,4.938e-05,5.006,5.580,5.424,5.171,5.003,4.865,4.556,4.521
4.9184e-05,-2.19174,10.00000,0.7357030511,2.3939589821,0.735,-0.040,3.7983,4.490,1,0.000,0.534,0.00,0.00,0.00,0.00,0.00,-1,-7.56e-14,0.00,8.477e-01,1.522e-01,1.168e-05,3.197e-06,2.916e-05,-1.000,6.302e-05,4.871,5.428,5.278,5.032,4.870,4.736,4.435,4.401
4.9184e-05,-2.19174,10.00000,0.7458790541,2.3982064753,0.745,0.013,3.8028,4.461,1,0.000,0.532,0.00,0.00,0.00,0.00,0.00,-1,-8.77e-14,0.00,8.520e-01,1.480e-01,1.144e-05,3.142e-06,2.869e-05,-1.000,1.642e-05,4.739,5.279,5.134,4.896,4.738,4.607,4.314,4.282
4.9184e-05,-2.19174,10.00000,0.7500000000,2.3998889087,0.750,0.035,3.8045,4.448,1,0.000,0.531,0.00,0.00,0.00,0.00,0.00,-1,-9.34e-14,0.00,8.536e-01,1.464e-01,1.136e-05,3.124e-06,2.853e-05,-1.000,1.490e-08,4.683,5.216,5.074,4.838,4.682,4.553,4.263,4.231
4.9184e-05,-2.19174,10.00000,0.7573733330,2.4028467018,0.757,0.075,3.8079,4.425,1,0.000,0.530,0.00,0.00,0.00,0.00,0.00,-1,-1.05e-13,0.00,8.540e-01,1.460e-01,1.139e-05,3.134e-06,2.864e-05,-1.000,1.512e-05,4.581,5.102,4.963,4.733,4.581,4.455,4.170,4.139
4.9184e-05,-2.19174,10.00000,0.7659595013,2.4062086229,0.765,0.125,3.8119,4.396,1,0.000,0.530,0.00,0.00,0.00,0.00,0.00,-1,-1.21e-13,0.00,8.544e-01,1.456e-01,1.144e-05,3.147e-06,2.876e-05,-1.000,3.265e-05,4.456,4.961,4.827,4.604,4.456,4.332,4.055,4.025
4.9184e-05,-2.19174,10.00000,0.7741831541,2.4093483288,0.773,0.177,3.8157,4.365,1,0.000,0.529,0.00,0.00,0.00,0.00,0.00,-1,-1.4e-13,0.00,8.546e-01,1.453e-01,1.147e-05,3.160e-06,2.889e-05,-1.000,9.999e-05,4.328,4.819,4.689,4.471,4.327,4.206,3.935,3.906
4.9184e-05,-2.19174,10.00000,0.7818734646,2.4122157903,0.781,0.228,3.8193,4.332,1,0.000,0.529,0.00,0.00,0.00,0.00,0.00,-1,-1.63e-13,0.00,8.548e-01,1.451e-01,1.152e-05,3.174e-06,2.903e-05,-1.000,9.996e-05,4.200,4.676,4.549,4.337,4.197,4.078,3.813,3.786
4.9184e-05,-2.19174,10.00000,0.7911351323,2.4155842040,0.790,0.296,3.8234,4.286,1,0.000,0.529,0.00,0.00,0.00,0.00,0.00,-1,-1.99e-13,0.00,8.548e-01,1.451e-01,1.158e-05,3.193e-06,2.922e-05,-1.000,9.999e-05,4.031,4.490,4.368,4.161,4.025,3.910,3.653,3.626
4.9184e-05,-2.19174,10.00000,0.7996870279,2.4186149339,0.799,0.365,3.8270,4.235,1,0.000,0.529,0.00,0.00,0.00,0.00,0.00,-1,-2.46e-13,0.00,8.548e-01,1.452e-01,1.165e-05,3.211e-06,2.938e-05,-1.000,1.787e-05,3.857,4.300,4.181,3.981,3.849,3.736,3.485,3.459
4.9184e-05,-2.19174,10.00000,0.8000000119,2.4187244405,0.799,0.368,3.8271,4.233,1,0.000,0.529,0.00,0.00,0.00,0.00,0.00,-1,-2.48e-13,0.00,8.548e-01,1.452e-01,1.165e-05,3.212e-06,2.939e-05,-1.000,1.442e-05,3.850,4.293,4.175,3.974,3.842,3.730,3.479,3.453
4.9184e-05,-2.19174,10.00000,0.8012468815,2.4191597177,0.800,0.378,3.8276,4.226,1,0.000,0.529,0.00,0.00,0.00,0.00,0.00,-1,-2.56e-13,0.00,8.547e-01,1.453e-01,1.165e-05,3.213e-06,2.940e-05,-1.000,1.907e-06,3.825,4.265,4.147,3.947,3.816,3.704,3.454,3.429
4.9184e-05,-2.19174,10.00000,0.8072426915,2.4212312525,0.806,0.431,3.8299,4.185,1,0.000,0.528,0.00,0.00,0.00,0.00,0.00,-1,-3.03e-13,0.00,8.542e-01,1.457e-01,1.168e-05,3.221e-06,2.948e-05,-1.000,1.000e-04,3.693,4.123,4.007,3.811,3.682,3.572,3.326,3.301
4.9184e-05,-2.19174,10.00000,0.8138886094,2.4234864318,0.813,0.494,3.8316,4.132,1,0.000,0.529,0.00,0.00,0.00,0.00,0.00,-1,-3.7e-13,0.00,8.523e-01,1.476e-01,1.181e-05,3.254e-06,2.978e-05,-1.000,1.000e-04,3.535,3.955,3.841,3.648,3.521,3.413,3.171,3.147
4.9184e-05,-2.19174,10.00000,0.8152154088,2.4239315979,0.814,0.508,3.8316,4.119,1,0.000,0.529,0.00,0.00,0.00,0.00,0.00,-1,-3.89e-13,0.00,8.519e-01,1.480e-01,1.183e-05,3.261e-06,2.984e-05,-1.000,9.999e-05,3.501,3.919,3.805,3.613,3.486,3.378,3.137,3.112
4.9184e-05,-2.19174,10.00000,0.8159552813,2.4241791161,0.815,0.516,3.8316,4.111,1,0.000,0.529,0.00,0.00,0.00,0.00,0.00,-1,-4.01e-13,0.00,8.516e-01,1.483e-01,1.185e-05,3.265e-06,2.988e-05,-1.000,9.994e-05,3.480,3.898,3.784,3.592,3.465,3.357,3.116,3.092
4.9184e-05,-2.19174,10.00000,0.8201174140,2.4255619570,0.819,0.565,3.8304,4.060,1,0.000,0.529,0.00,0.00,0.00,0.00,0.00,-1,-4.72e-13,0.00,8.504e-01,1.495e-01,1.193e-05,3.286e-06,3.007e-05,-1.000,1.000e-04,3.358,3.776,3.661,3.468,3.341,3.233,2.990,2.965
4.9184e-05,-2.19174,10.00000,0.8240900040,2.4268668517,0.822,0.619,3.8266,3.993,1,0.000,0.529,0.00,0.00,0.00,0.00,0.00,-1,-5.75e-13,0.00,8.492e-01,1.507e-01,1.200e-05,3.306e-06,3.025e-05,-1.000,1.000e-04,3.222,3.648,3.531,3.334,3.204,3.093,2.845,2.820
4.9184e-05,-2.19174,10.00000,0.8247934580,2.4270964124,0.823,0.630,3.8256,3.979,1,0.000,0.529,0.00,0.00,0.00,0.00,0.00,-1,-6.02e-13,0.00,8.490e-01,1.509e-01,1.201e-05,3.310e-06,3.028e-05,-1.000,9.999e-05,3.196,3.624,3.507,3.309,3.178,3.066,2.817,2.791
4.9184e-05,-2.19174,10.00000,0.8254300952,2.4273037808,0.824,0.640,3.8242,3.962,1,0.000,0.529,0.00,0.00,0.00,0.00,0.00,-1,-6.28e-13,0.00,8.488e-01,1.511e-01,1.203e-05,3.313e-06,3.031e-05,-1.000,1.000e-04,3.169,3.601,3.483,3.283,3.151,3.038,2.787,2.760
4.9184e-05,-2.19174,10.00000,0.8275688291,2.4279977328,0.826,0.679,3.8179,3.900,2,0.000,0.529,0.00,0.00,0.00,0.00,0.00,-1,-7.34e-13,0.00,8.482e-01,1.517e-01,1.207e-05,3.324e-06,3.041e-05,-1.000,1.000e-04,3.073,3.523,3.399,3.192,3.054,2.938,2.676,2.648
4.9184e-05,-2.19174,10.00000,0.8291981816,2.4285236447,0.827,0.712,3.8102,3.836,2,0.000,0.529,0.00,0.00,0.00,0.00,0.00,-1,-8.53e-13,0.00,8.477e-01,1.522e-01,1.210e-05,3.332e-06,3.048e-05,-1.000,9.997e-05,2.989,3.463,3.333,3.115,2.970,2.849,2.575,2.545
4.9184e-05,-2.19174,10.00000,0.8304694295,2.4289323222,0.829,0.743,3.8011,3.770,2,0.000,0.529,0.00,0.00,0.00,0.00,0.00,-1,-9.86e-13,0.00,8.473e-01,1.526e-01,1.212e-05,3.339e-06,3.054e-05,-1.000,9.993e-05,2.913,3.419,3.279,3.049,2.894,2.766,2.478,2.445
4.9184e-05,-2.19174,10.00000,0.8314917684,2.4292599387,0.830,0.771,3.7910,3.702,2,0.000,0.529,0.00,0.00,0.00,0.00,0.00,-1,-1.14e-12,0.00,8.470e-01,1.529e-01,1.214e-05,3.345e-06,3.060e-05,-1.000,8.632e-05,2.842,3.387,3.236,2.990,2.826,2.690,2.385,2.350
4.9184e-05,-2.19174,10.00000,0.8323430419,2.4295320299,0.830,0.797,3.7806,3.635,2,0.000,0.529,0.00,0.00,0.00,0.00,0.00,-1,-1.31e-12,0.00,8.429e-01,1.571e-01,1.238e-05,3.410e-06,3.118e-05,-1.000,6.822e-05,2.777,3.362,3.200,2.938,2.763,2.620,2.298,2.259
4.9184e-05,-2.19174,10.00000,0.8330845237,2.4297685076,0.831,0.822,3.7708,3.571,2,0.000,0.531,0.00,0.00,0.00,0.00,0.00,-1,-1.49e-12,0.00,8.236e-01,1.763e-01,1.348e-05,3.704e-06,3.381e-05,-1.000,4.196e-05,2.714,3.339,3.164,2.887,2.702,2.552,2.214,2.174
4.9184e-05,-2.19174,10.00000,0.8337684870,2.4299862123,0.832,0.849,3.7620,3.509,2,0.000,0.534,0.00,0.00,0.00,0.00,0.00,-1,-1.7e-12,0.00,7.996e-01,2.004e-01,1.486e-05,4.072e-06,3.710e-05,-1.000,6.998e-05,2.648,3.310,3.124,2.833,2.639,2.483,2.131,2.087
4.9184e-05,-2.19174,10.00000,0.8344549537,2.4302043012,0.832,0.884,3.7541,3.443,2,0.000,0.536,0.00,0.00,0.00,0.00,0.00,-1,-1.98e-12,0.00,7.817e-01,2.182e-01,1.590e-05,4.350e-06,3.957e-05,-1.000,1.000e-04,2.561,3.259,3.062,2.758,2.555,2.393,2.028,1.983
4.9184e-05,-2.19174,10.00000,0.8349917531,2.4303745538,0.833,0.920,3.7491,3.387,2,0.000,0.536,0.00,0.00,0.00,0.00,0.00,-1,-2.3e-12,0.00,7.743e-01,2.256e-01,1.632e-05,4.464e-06,4.059e-05,-1.000,1.000e-04,2.471,3.193,2.989,2.677,2.468,2.302,1.928,1.881
4.9184e-05,-2.19174,10.00000,0.8355230093,2.4305428007,0.833,0.963,3.7450,3.328,2,0.000,0.537,0.00,0.00,0.00,0.00,0.00,-1,-2.72e-12,0.00,7.700e-01,2.299e-01,1.658e-05,4.531e-06,4.119e-05,-1.000,1.000e-04,2.362,3.104,2.895,2.575,2.362,2.193,1.813,1.764
4.9184e-05,-2.19174,10.00000,0.8356020451,2.4305678100,0.833,0.971,3.7445,3.318,3,0.000,0.536,0.00,0.00,0.00,0.00,0.00,-1,-2.81e-12,0.00,7.696e-01,2.304e-01,1.660e-05,4.538e-06,4.125e-05,-1.000,2.821e-05,2.344,3.089,2.878,2.558,2.344,2.175,1.793,1.745
4.9184e-05,-2.19174,10.00000,0.8360363841,2.4307051510,0.834,1.012,3.7421,3.267,3,0.000,0.537,0.00,0.00,0.00,0.00,0.00,-1,-3.26e-12,0.00,7.672e-01,2.327e-01,1.672e-05,4.570e-06,4.154e-05,-1.000,1.000e-04,2.239,2.995,2.782,2.457,2.241,2.071,1.685,1.636
4.9184e-05,-2.19174,10.00000,0.8365163803,2.4308567384,0.834,1.062,3.7397,3.208,3,0.000,0.537,0.00,0.00,0.00,0.00,0.00,-1,-3.9e-12,0.00,7.649e-01,2.350e-01,1.682e-05,4.599e-06,4.179e-05,-1.000,7.471e-05,2.115,2.883,2.666,2.339,2.119,1.947,1.557,1.508
4.9184e-05,-2.19174,10.00000,0.8369216323,2.4309845651,0.835,1.106,3.7379,3.157,3,0.000,0.537,0.00,0.00,0.00,0.00,0.00,-1,-4.59e-12,0.00,7.633e-01,2.366e-01,1.690e-05,4.618e-06,4.196e-05,-1.000,9.820e-05,2.004,2.781,2.562,2.231,2.010,1.837,1.444,1.394
4.9184e-05,-2.19174,10.00000,0.8373119235,2.4311075384,0.835,1.152,3.7363,3.105,3,0.000,0.537,0.00,0.00,0.00,0.00,0.00,-1,-5.41e-12,0.00,7.618e-01,2.381e-01,1.695e-05,4.633e-06,4.211e-05,-1.000,1.000e-04,1.891,2.676,2.454,2.122,1.899,1.725,1.329,1.279
4.9184e-05,-2.19174,10.00000,0.8376753330,2.4312219233,0.835,1.196,3.7347,3.054,3,0.000,0.537,0.00,0.00,0.00,0.00,0.00,-1,-6.36e-12,0.00,7.603e-01,2.396e-01,1.699e-05,4.646e-06,4.221e-05,-1.000,1.000e-04,1.779,2.572,2.348,2.013,1.789,1.614,1.216,1.164
4.9184e-05,-2.19174,10.00000,0.8380178213,2.4313296186,0.835,1.242,3.7332,3.003,3,0.000,0.537,0.00,0.00,0.00,0.00,0.00,-1,-7.48e-12,0.00,7.590e-01,2.409e-01,1.703e-05,4.656e-06,4.230e-05,-1.000,9.996e-05,1.666,2.466,2.240,1.903,1.678,1.502,1.102,1.050
4.9184e-05,-2.19174,10.00000,0.8383605480,2.4314372877,0.836,1.290,3.7317,2.949,3,0.000,0.536,0.00,0.00,0.00,0.00,0.00,-1,-8.9e-12,0.00,7.577e-01,2.422e-01,1.705e-05,4.668e-06,4.238e-05,-1.000,8.242e-05,1.545,2.351,2.124,1.785,1.558,1.381,0.978,0.926
4.9184e-05,-2.19174,10.00000,0.8386567831,2.4315302697,0.836,1.335,3.7302,2.897,3,0.000,0.535,0.00,0.00,0.00,0.00,0.00,-1,-1.05e-11,0.00,7.566e-01,2.433e-01,1.705e-05,4.681e-06,4.245e-05,-1.000,9.336e-05,1.431,2.245,2.016,1.675,1.446,1.268,0.863,0.811
4.9184e-05,-2.19174,10.00000,0.8389481306,2.4316216439,0.836,1.384,3.7287,2.843,3,0.000,0.535,0.00,0.00,0.00,0.00,0.00,-1,-1.25e-11,0.00,7.556e-01,2.443e-01,1.703e-05,4.698e-06,4.249e-05,-1.000,9.996e-05,1.311,2.132,1.901,1.557,1.328,1.149,0.741,0.688
4.9184e-05,-2.19174,10.00000,0.8392127156,2.4317045615,0.836,1.431,3.7272,2.790,3,0.000,0.533,0.00,0.00,0.00,0.00,0.00,-1,-1.48e-11,0.00,7.546e-01,2.453e-01,1.700e-05,4.727e-06,4.253e-05,-1.000,1.000e-04,1.192,2.021,1.788,1.442,1.211,1.031,0.621,0.568
4.9184e-05,-2.19174,10.00000,0.8394520283,2.4317795073,0.836,1.478,3.7257,2.737,3,0.000,0.531,0.00,0.00,0.00,0.00,0.00,-1,-1.75e-11,0.00,7.538e-01,2.461e-01,1.695e-05,4.766e-06,4.257e-05,-1.000,9.997e-05,1.076,1.912,1.677,1.329,1.096,0.916,0.503,0.449
4.9184e-05,-2.19174,10.00000,0.8396702409,2.4318478024,0.836,1.524,3.7241,2.685,3,0.000,0.529,0.00,0.00,0.00,0.00,0.00,-1,-2.07e-11,0.00,7.531e-01,2.468e-01,1.689e-05,4.816e-06,4.260e-05,-1.000,9.997e-05,0.961,1.805,1.568,1.217,0.983,0.801,0.386,0.332
4.9184e-05,-2.19174,10.00000,0.8398764133,2.4319122917,0.836,1.571,3.7226,2.631,3,0.000,0.527,0.00,0.00,0.00,0.00,0.00,-1,-2.45e-11,0.00,7.525e-01,2.474e-01,1.684e-05,4.864e-06,4.262e-05,-1.000,9.996e-05,0.841,1.693,1.454,1.102,0.866,0.683,0.266,0.211
4.9184e-05,-2.19174,10.00000,0.8400606513,2.4319698892,0.836,1.618,3.7211,2.579,3,0.000,0.525,0.00,0.00,0.00,0.00,0.00,-1,-2.9e-11,0.00,7.521e-01,2.478e-01,1.679e-05,4.917e-06,4.263e-05,-1.000,1.000e-04,0.726,1.586,1.344,0.990,0.752,0.568,0.149,0.093
4.9184e-05,-2.19174,10.00000,0.8402258158,2.4320214992,0.836,1.663,3.7195,2.527,3,0.000,0.523,0.00,0.00,0.00,0.00,0.00,-1,-3.41e-11,0.00,7.517e-01,2.482e-01,1.674e-05,4.964e-06,4.265e-05,-1.000,1.000e-04,0.613,1.481,1.238,0.881,0.641,0.457,0.034,-0.022
4.9184e-05,-2.19174,10.00000,0.8403806090,2.4320698472,0.836,1.709,3.7180,2.475,3,0.000,0.522,0.00,0.00,0.00,0.00,0.00,-1,-4.03e-11,0.00,7.515e-01,2.484e-01,1.671e-05,4.998e-06,4.266e-05,-1.000,9.999e-05,0.497,1.375,1.129,0.769,0.528,0.342,-0.083,-0.139
4.9184e-05,-2.19174,10.00000,0.8405181170,2.4321127792,0.836,1.754,3.7164,2.424,3,0.000,0.522,0.00,0.00,0.00,0.00,0.00,-1,-4.74e-11,0.00,7.514e-01,2.485e-01,1.669e-05,5.019e-06,4.266e-05,-1.000,9.999e-05,0.385,1.273,1.024,0.661,0.418,0.231,-0.197,-0.254
4.9184e-05,-2.19174,10.00000,0.8406464458,2.4321528308,0.836,1.799,3.7147,2.372,3,0.000,0.521,0.00,0.00,0.00,0.00,0.00,-1,-5.59e-11,0.00,7.513e-01,2.486e-01,1.668e-05,5.028e-06,4.266e-05,-1.000,1.000e-04,0.272,1.169,0.917,0.551,0.307,0.119,-0.312,-0.370
4.9184e-05,-2.19174,10.00000,0.8407658339,2.4321900793,0.836,1.845,3.7131,2.319,3,0.000,0.521,0.00,0.00,0.00,0.00,0.00,-1,-6.6e-11,0.00,7.513e-01,2.486e-01,1.668e-05,5.029e-06,4.266e-05,-1.000,1.000e-04,0.157,1.065,0.810,0.441,0.194,0.005,-0.429,-0.487
4.9184e-05,-2.19174,10.00000,0.8408753276,2.4322242301,0.835,1.891,3.7115,2.267,3,0.000,0.521,0.00,0.00,0.00,0.00,0.00,-1,-7.79e-11,0.00,7.513e-01,2.486e-01,1.668e-05,5.030e-06,4.266e-05,-1.000,1.001e-04,0.043,0.961,0.703,0.331,0.082,-0.108,-0.545,-0.603
4.9184e-05,-2.19174,10.00000,0.8409748673,2.4322552675,0.835,1.936,3.7097,2.215,3,0.000,0.521,0.00,0.00,0.00,0.00,0.00,-1,-9.17e-11,0.00,7.513e-01,2.486e-01,1.668e-05,5.030e-06,4.266e-05,-1.000,1.001e-04,-0.070,0.860,0.599,0.223,-0.028,-0.219,-0.659,-0.718
4.9184e-05,-2.19174,10.00000,0.8410680294,2.4322843085,0.835,1.982,3.7080,2.162,3,0.000,0.521,0.00,0.00,0.00,0.00,0.00,-1,-1.08e-10,0.00,7.513e-01,2.486e-01,1.668e-05,5.031e-06,4.266e-05,-1.000,1.000e-04,-0.184,0.757,0.493,0.114,-0.139,-0.332,-0.775,-0.835
4.9184e-05,-2.19174,10.00000,0.8411529660,2.4323107791,0.834,2.027,3.7064,2.110,3,0.000,0.521,0.00,0.00,0.00,0.00,0.00,-1,-1.28e-10,0.00,7.513e-01,2.486e-01,1.668e-05,5.032e-06,4.266e-05,-1.000,1.001e-04,-0.298,0.655,0.388,0.005,-0.250,-0.444,-0.890,-0.950
4.9184e-05,-2.19174,10.00000,0.8412283063,2.4323342537,0.834,2.071,3.7046,2.059,3,0.000,0.521,0.00,0.00,0.00,0.00,0.00,-1,-1.5e-10,0.00,7.513e-01,2.486e-01,1.668e-05,5.032e-06,4.266e-05,-1.000,1.001e-04,-0.407,0.559,0.287,-0.099,-0.356,-0.552,-1.001,-1.062
4.9184e-05,-2.19174,10.00000,0.8412977457,2.4323558855,0.834,2.115,3.7030,2.008,3,0.000,0.521,0.00,0.00,0.00,0.00,0.00,-1,-1.76e-10,0.00,7.513e-01,2.486e-01,1.668e-05,5.033e-06,4.266e-05,-1.000,1.000e-04,-0.517,0.460,0.186,-0.204,-0.463,-0.660,-1.112,-1.174
4.9184e-05,-2.19174,10.00000,0.8413628936,2.4323761767,0.833,2.160,3.7012,1.956,3,0.000,0.521,0.00,0.00,0.00,0.00,0.00,-1,-2.07e-10,0.00,7.513e-01,2.486e-01,1.668e-05,5.033e-06,4.266e-05,-1.000,1.000e-04,-0.629,0.361,0.083,-0.311,-0.573,-0.771,-1.226,-1.288
4.9184e-05,-2.19174,10.00000,0.8414213657,2.4323943855,0.833,2.203,3.6994,1.905,3,0.000,0.521,0.00,0.00,0.00,0.00,0.00,-1,-2.43e-10,0.00,7.513e-01,2.486e-01,1.668e-05,5.034e-06,4.266e-05,-1.000,1.000e-04,-0.738,0.267,-0.016,-0.413,-0.678,-0.877,-1.336,-1.399
4.9184e-05,-2.19174,10.00000,0.8414800167,2.4324126472,0.832,2.249,3.6977,1.852,3,0.000,0.521,0.00,0.00,0.00,0.00,0.00,-1,-2.87e-10,0.00,7.512e-01,2.487e-01,1.667e-05,5.034e-06,4.267e-05,-1.000,1.000e-04,-0.851,0.168,-0.119,-0.521,-0.788,-0.990,-1.452,-1.515
4.9184e-05,-2.19174,10.00000,0.8415415883,2.4324318150,0.832,2.292,3.6959,1.801,3,0.000,0.521,0.00,0.00,0.00,0.00,0.00,-1,-3.36e-10,0.00,7.512e-01,2.487e-01,1.667e-05,5.035e-06,4.267e-05,-1.000,1.000e-04,-0.960,0.074,-0.218,-0.624,-0.894,-1.096,-1.562,-1.626
4.9184e-05,-2.19174,10.00000,0.8415737748,2.4324418337,0.831,2.303,3.6955,1.788,3,0.000,0.521,0.00,0.00,0.00,0.00,0.00,-1,-3.53e-10,0.00,7.512e-01,2.487e-01,1.667e-05,5.035e-06,4.267e-05,-1.000,9.999e-05,-0.988,0.049,-0.243,-0.651,-0.921,-1.124,-1.591,-1.655
4.9184e-05,-2.19174,10.00000,0.8416072130,2.4324522410,0.831,2.293,3.6962,1.801,3,0.000,0.521,0.00,0.00,0.00,0.00,0.00,-1,-3.41e-10,0.00,7.512e-01,2.487e-01,1.667e-05,5.035e-06,4.267e-05,-1.000,1.000e-04,-0.962,0.069,-0.222,-0.627,-0.896,-1.099,-1.564,-1.628
4.9184e-05,-2.19174,10.00000,0.8416141272,2.4324543929,0.831,2.300,3.6959,1.793,3,0.000,0.521,0.00,0.00,0.00,0.00,0.00,-1,-3.49e-10,0.00,7.512e-01,2.487e-01,1.667e-05,5.035e-06,4.267e-05,-1.000,1.000e-04,-0.979,0.055,-0.237,-0.643,-0.913,-1.115,-1.581,-1.645
4.9184e-05,-2.19174,10.00000,0.8416521549,2.4324662273,0.830,2.339,3.6942,1.747,3,0.000,0.521,0.00,0.00,0.00,0.00,0.00,-1,-4e-10,0.00,7.512e-01,2.487e-01,1.667e-05,5.035e-06,4.267e-05,-1.000,1.000e-04,-1.078,-0.030,-0.326,-0.736,-1.008,-1.212,-1.682,-1.746
4.9184e-05,-2.19174,10.00000,0.8416905999,2.4324781904,0.829,2.382,3.6925,1.697,3,0.000,0.521,0.00,0.00,0.00,0.00,0.00,-1,-4.66e-10,0.00,7.512e-01,2.487e-01,1.667e-05,5.036e-06,4.267e-05,-1.000,1.000e-04,-1.184,-0.121,-0.421,-0.836,-1.110,-1.316,-1.789,-1.854
4.9184e-05,-2.19174,10.00000,0.8417232037,2.4324883348,0.829,2.420,3.6909,1.652,3,0.000,0.521,0.00,0.00,0.00,0.00,0.00,-1,-5.36e-10,0.00,7.512e-01,2.487e-01,1.667e-05,5.036e-06,4.267e-05,-1.000,1.000e-04,-1.279,-0.202,-0.506,-0.925,-1.202,-1.409,-1.885,-1.951
4.9184e-05,-2.19174,10.00000,0.8417553306,2.4324983300,0.828,2.460,3.6891,1.605,3,0.000,0.521,0.00,0.00,0.00,0.00,0.00,-1,-6.21e-10,0.00,7.512e-01,2.487e-01,1.667e-05,5.036e-06,4.267e-05,-1.000,1.001e-04,-1.379,-0.285,-0.594,-1.018,-1.298,-1.507,-1.986,-2.053
4.9184e-05,-2.19174,10.00000,0.8417853117,2.4325076568,0.827,2.499,3.6874,1.558,3,0.000,0.521,0.00,0.00,0.00,0.00,0.00,-1,-7.19e-10,0.00,7.512e-01,2.487e-01,1.667e-05,5.036e-06,4.267e-05,-1.000,1.000e-04,-1.478,-0.369,-0.682,-1.111,-1.393,-1.603,-2.087,-2.154
4.9184e-05,-2.19174,10.00000,0.8418115377,2.4325158148,0.826,2.537,3.6857,1.514,3,0.000,0.521,6.59,5.25,3.74,2.89,2.34,3,-8.25e-10,0.00,7.512e-01,2.487e-01,1.667e-05,5.037e-06,4.267e-05,-1.000,1.000e-04,-1.571,-0.445,-0.764,-1.197,-1.482,-1.694,-2.181,-2.248
4.9184e-05,-2.19174,10.00000,0.8418375254,2.4325238980,0.825,2.576,3.6840,1.467,3,0.000,0.521,7.27,5.72,4.06,3.13,2.54,3,-9.53e-10,0.00,7.512e-01,2.487e-01,1.667e-05,5.037e-06,4.267e-05,-1.000,1.000e-04,-1.670,-0.518,-0.846,-1.288,-1.577,-1.791,-2.282,-2.350
4.9184e-05,-2.19174,10.00000,0.8418605328,2.4325310538,0.825,2.613,3.6823,1.423,3,0.000,0.521,7.98,6.19,4.38,3.38,2.74,3,-1.09e-09,0.00,7.512e-01,2.487e-01,1.667e-05,5.037e-06,4.267e-05,-1.000,1.001e-04,-1.762,-0.585,-0.923,-1.373,-1.666,-1.883,-2.378,-2.447
4.9184e-05,-2.19174,10.00000,0.8418820500,2.4325377458,0.824,2.650,3.6806,1.378,3,0.000,0.521,8.75,6.70,4.72,3.65,2.96,3,-1.25e-09,0.00,7.512e-01,2.487e-01,1.667e-05,5.037e-06,4.267e-05,-1.000,1.000e-04,-1.854,-0.649,-0.997,-1.457,-1.754,-1.973,-2.473,-2.542
4.9184e-05,-2.19174,10.00000,0.8419025540,2.4325441222,0.822,2.687,3.6789,1.334,3,0.000,0.521,9.62,7.26,5.10,3.95,3.20,3,-1.44e-09,0.00,7.512e-01,2.487e-01,1.667e-05,5.037e-06,4.267e-05,-1.000,1.000e-04,-1.948,-0.710,-1.070,-1.540,-1.843,-2.065,-2.569,-2.639
4.9184e-05,-2.19174,10.00000,0.8419246078,2.4325509802,0.821,2.730,3.6771,1.283,3,0.000,0.521,10.71,7.96,5.57,4.32,3.50,3,-1.68e-09,0.00,7.512e-01,2.487e-01,1.667e-05,5.037e-06,4.267e-05,-1.000,1.000e-04,-2.055,-0.781,-1.154,-1.636,-1.944,-2.170,-2.680,-2.751
4.9184e-05,-2.19174,10.00000,0.8419423103,2.4325564848,0.820,2.767,3.6752,1.237,3,0.000,0.521,11.78,8.64,6.01,4.67,3.79,3,-1.93e-09,0.00,7.512e-01,2.487e-01,1.667e-05,5.038e-06,4.267e-05,-1.000,1.000e-04,-2.147,-0.832,-1.221,-1.716,-2.030,-2.259,-2.775,-2.847
4.9184e-05,-2.19174,10.00000,0.8419606090,2.4325621745,0.818,2.808,3.6732,1.188,3,0.000,0.521,13.06,9.44,6.55,5.10,4.13,3,-2.25e-09,0.00,7.512e-01,2.487e-01,1.667e-05,5.038e-06,4.267e-05,-1.000,9.999e-05,-2.250,-0.889,-1.294,-1.804,-2.125,-2.358,-2.881,-2.954
4.9184e-05,-2.19174,10.00000,0.8419757485,2.4325668817,0.817,2.844,3.6715,1.144,3,0.000,0.521,14.32,10.21,7.05,5.50,4.45,2,-2.57e-09,0.00,7.512e-01,2.487e-01,1.667e-05,5.038e-06,4.267e-05,-1.000,1.000e-04,-2.339,-0.935,-1.356,-1.880,-2.208,-2.445,-2.974,-3.047
4.9184e-05,-2.19174,10.00000,0.8419911265,2.4325716628,0.815,2.882,3.6695,1.097,3,0.000,0.521,15.83,11.12,7.66,5.97,4.84,2,-2.98e-09,0.00,7.512e-01,2.487e-01,1.667e-05,5.038e-06,4.267e-05,-1.000,9.999e-05,-2.436,-0.979,-1.420,-1.960,-2.296,-2.538,-3.074,-3.149
4.9184e-05,-2.19174,10.00000,0.8420038819,2.4325756284,0.813,2.917,3.6679,1.055,3,0.000,0.521,17.27,11.98,8.22,6.42,5.21,2,-3.38e-09,0.00,7.512e-01,2.487e-01,1.667e-05,5.038e-06,4.267e-05,-1.000,1.000e-04,-2.522,-1.018,-1.476,-2.030,-2.374,-2.619,-3.162,-3.237
4.9184e-05,-2.19174,10.00000,0.8420172930,2.4325797977,0.811,2.955,3.6660,1.008,3,0.000,0.521,19.06,13.04,8.91,6.97,5.65,2,-3.9e-09,0.00,7.512e-01,2.487e-01,1.667e-05,5.038e-06,4.267e-05,-1.000,1.000e-04,-2.617,-1.054,-1.534,-2.106,-2.459,-2.709,-3.261,-3.337
4.9184e-05,-2.19174,10.00000,0.8420308232,2.4325840039,0.809,2.996,3.6639,0.958,3,0.000,0.521,21.20,14.28,9.72,7.61,6.17,2,-4.55e-09,0.00,7.512e-01,2.487e-01,1.667e-05,5.038e-06,4.267e-05,-1.000,9.999e-05,-2.720,-1.082,-1.588,-2.183,-2.548,-2.805,-3.367,-3.444
4.9184e-05,-2.19174,10.00000,0.8420419097,2.4325874503,0.807,3.031,3.6621,0.914,3,0.000,0.521,23.25,15.45,10.48,8.22,6.66,2,-5.2e-09,0.00,7.512e-01,2.487e-01,1.667e-05,5.038e-06,4.267e-05,-1.000,9.999e-05,-2.809,-1.101,-1.632,-2.248,-2.624,-2.887,-3.459,-3.537
4.9184e-05,-2.19174,10.00000,0.8420513868,2.4325903963,0.805,3.063,3.6603,0.874,3,0.000,0.521,25.28,16.59,11.21,8.81,7.14,2,-5.87e-09,0.00,7.512e-01,2.487e-01,1.667e-05,5.038e-06,4.267e-05,-1.000,1.000e-04,-2.888,-1.110,-1.666,-2.302,-2.691,-2.959,-3.541,-3.621
4.9184e-05,-2.19174,10.00000,0.8420611024,2.4325934163,0.802,3.098,3.6585,0.830,3,0.000,0.521,27.69,17.93,12.07,9.49,7.70,1,-6.69e-09,0.00,7.512e-01,2.487e-01,1.667e-05,5.038e-06,4.267e-05,-1.000,1.000e-04,-2.975,-1.117,-1.700,-2.360,-2.761,-3.036,-3.629,-3.711
4.9184e-05,-2.19174,10.00000,0.8420711160,2.4325965289,0.799,3.135,3.6564,0.783,3,0.000,0.521,30.58,19.51,13.09,10.31,8.36,1,-7.71e-09,0.00,7.512e-01,2.487e-01,1.667e-05,5.038e-06,4.267e-05,-1.000,1.000e-04,-3.068,-1.142,-1.747,-2.426,-2.839,-3.119,-3.723,-3.806
4.9184e-05,-2.19174,10.00000,0.8420795202,2.4325991412,0.797,3.168,3.6546,0.741,3,0.000,0.521,33.39,21.03,14.06,11.08,8.99,1,-8.74e-09,0.00,7.512e-01,2.487e-01,1.667e-05,5.039e-06,4.267e-05,-1.000,1.000e-04,-3.151,-1.168,-1.791,-2.484,-2.907,-3.191,-3.804,-3.888
4.9184e-05,-2.19174,10.00000,0.8420879841,2.4326017720,0.793,3.203,3.6528,0.698,3,0.000,0.521,36.54,22.71,15.13,11.94,9.69,1,-9.97e-09,0.00,7.512e-01,2.487e-01,1.667e-05,5.039e-06,4.267e-05,-1.000,1.000e-04,-3.236,-1.197,-1.837,-2.546,-2.978,-3.267,-3.889,-3.974
4.9184e-05,-2.19174,10.00000,0.8420957923,2.4326041989,0.790,3.234,3.6511,0.659,3,0.000,0.521,39.70,24.37,16.18,12.78,10.38,1,-1.13e-08,0.00,7.512e-01,2.487e-01,1.667e-05,5.039e-06,4.267e-05,-1.000,9.999e-05,-3.314,-1.221,-1.878,-2.600,-3.042,-3.335,-3.966,-4.052
4.9184e-05,-2.19174,10.00000,0.8420979977,2.4326048843,0.789,3.242,3.6507,0.648,3,0.000,0.521,40.60,24.84,16.48,13.02,10.57,1,-1.17e-08,0.00,7.512e-01,2.487e-01,1.667e-05,5.039e-06,4.267e-05,-1.000,1.000e-04,-3.335,-1.227,-1.889,-2.615,-3.059,-3.353,-3.987,-4.073
4.9184e-05,-2.19174,10.00000,0.8420979977,2.4326048843,0.789,1.703,3.8886,3.138,4,0.000,0.532,0.00,0.00,0.00,0.00,0.00,-1,-1e-30,0.00,7.554e-01,2.445e-01,1.688e-05,4.708e-06,4.230e-05,-1.000,1.000e-04,0.512,0.615,0.570,0.491,0.439,0.391,0.282,0.265
4.9184e-05,-2.19174,10.00000,0.8421285748,2.4326143877,0.789,1.726,3.8765,3.067,4,0.000,0.532,0.00,0.00,0.00,0.00,0.00,-1,-1e-30,0.00,7.554e-01,2.445e-01,1.688e-05,4.708e-06,4.230e-05,-1.000,9.999e-05,0.456,0.592,0.536,0.438,0.374,0.315,0.185,0.167
4.9184e-05,-2.19174,10.00000,0.8421831727,2.4326313546,0.789,1.731,3.8741,3.053,4,0.000,0.532,0.00,0.00,0.00,0.00,0.00,-1,-1e-30,0.00,7.554e-01,2.445e-01,1.688e-05,4.708e-06,4.230e-05,-1.000,1.000e-04,0.444,0.587,0.528,0.426,0.360,0.300,0.165,0.147
4.9184e-05,-2.19174,10.00000,0.8422359228,2.4326477449,0.789,1.731,3.8747,3.055,4,0.000,0.532,0.00,0.00,0.00,0.00,0.00,-1,-1e-30,0.00,7.554e-01,2.445e-01,1.688e-05,4.708e-06,4.230e-05,-1.000,1.000e-04,0.443,0.584,0.526,0.425,0.359,0.300,0.166,0.148
4.9184e-05,-2.19174,10.00000,0.8422896266,2.4326644290,0.789,1.731,3.8753,3.057,4,0.000,0.532,0.00,0.00,0.00,0.00,0.00,-1,-1e-30,0.00,7.554e-01,2.445e-01,1.688e-05,4.708e-06,4.230e-05,-1.000,1.000e-04,0.442,0.581,0.524,0.424,0.359,0.300,0.168,0.149
4.9184e-05,-2.19174,10.00000,0.8423453569,2.4326817402,0.789,1.731,3.8760,3.060,4,0.000,0.532,0.00,0.00,0.00,0.00,0.00,-1,-1e-30,0.00,7.554e-01,2.445e-01,1.688e-05,4.709e-06,4.230e-05,-1.000,1.002e-04,0.442,0.579,0.522,0.423,0.359,0.300,0.169,0.151
4.9184e-05,-2.19174,10.00000,0.8423981071,2.4326981233,0.789,1.732,3.8766,3.062,4,0.000,0.532,0.00,0.00,0.00,0.00,0.00,-1,-1e-30,0.00,7.554e-01,2.445e-01,1.688e-05,4.709e-06,4.230e-05,-1.000,1.000e-04,0.441,0.577,0.521,0.423,0.359,0.301,0.171,0.152
4.9184e-05,-2.19174,10.00000,0.8424534798,2.4327153183,0.789,1.732,3.8770,3.064,4,0.000,0.532,0.00,0.00,0.00,0.00,0.00,-1,-1e-30,0.00,7.554e-01,2.445e-01,1.688e-05,4.709e-06,4.230e-05,-1.000,9.999e-05,0.441,0.575,0.519,0.422,0.359,0.301,0.172,0.153
4.9184e-05,-2.19174,10.00000,0.8425083756,2.4327323627,0.789,1.732,3.8773,3.065,4,0.000,0.532,0.00,0.00,0.00,0.00,0.00,-1,-1e-30,0.00,7.554e-01,2.445e-01,1.688e-05,4.709e-06,4.230e-05,-1.000,9.997e-05,0.440,0.573,0.518,0.421,0.358,0.301,0.172,0.154
4.9184e-05,-2.19174,10.00000,0.8425636292,2.4327495155,0.789,1.732,3.8774,3.065,4,0.000,0.532,0.00,0.00,0.00,0.00,0.00,-1,-1e-30,0.00,7.554e-01,2.445e-01,1.688e-05,4.709e-06,4.230e-05,-1.000,9.994e-05,0.439,0.572,0.517,0.421,0.357,0.300,0.172,0.153
4.9184e-05,-2.19174,10.00000,0.8426155448,2.4327656298,0.789,1.733,3.8773,3.064,4,0.000,0.532,0.00,0.00,0.00,0.00,0.00,-1,-1e-30,0.00,7.554e-01,2.445e-01,1.688e-05,4.710e-06,4.230e-05,-1.000,1.001e-04,0.439,0.572,0.516,0.420,0.356,0.299,0.170,0.152
4.9184e-05,-2.19174,10.00000,0.8426724076,2.4327832770,0.790,1.733,3.8768,3.061,4,0.000,0.532,0.00,0.00,0.00,0.00,0.00,-1,-1e-30,0.00,7.554e-01,2.445e-01,1.688e-05,4.710e-06,4.230e-05,-1.000,1.000e-04,0.437,0.571,0.516,0.418,0.355,0.297,0.167,0.149
4.9184e-05,-2.19174,10.00000,0.8427278996,2.4328004962,0.790,1.734,3.8759,3.057,4,0.000,0.532,0.00,0.00,0.00,0.00,0.00,-1,-1e-30,0.00,7.554e-01,2.445e-01,1.688e-05,4.710e-06,4.230e-05,-1.000,1.000e-04,0.435,0.572,0.515,0.417,0.352,0.294,0.162,0.144
4.9184e-05,-2.19174,10.00000,0.8427840471,2.4328179161,0.790,1.735,3.8746,3.051,4,0.000,0.532,0.00,0.00,0.00,0.00,0.00,-1,-1e-30,0.00,7.554e-01,2.445e-01,1.688e-05,4.710e-06,4.230e-05,-1.000,9.997e-05,0.432,0.573,0.516,0.415,0.349,0.289,0.156,0.137
4.9184e-05,-2.19174,10.00000,0.8428412676,2.4328356662,0.790,1.736,3.8728,3.042,4,0.000,0.532,0.00,0.00,0.00,0.00,0.00,-1,-1e-30,0.00,7.554e-01,2.445e-01,1.688e-05,4.710e-06,4.230e-05,-1.000,1.000e-04,0.429,0.575,0.516,0.412,0.345,0.283,0.147,0.128
4.9184e-05,-2.19174,10.00000,0.8428643346,2.4328428209,0.790,1.737,3.8720,3.039,4,0.000,0.532,0.00,0.00,0.00,0.00,0.00,-1,-1e-30,0.00,7.554e-01,2.445e-01,1.688e-05,4.711e-06,4.230e-05,-1.000,1.000e-04,0.427,0.576,0.516,0.411,0.343,0.281,0.142,0.123
4.9184e-05,-2.19174,10.00000,0.8428956270,2.4328525262,0.790,1.738,3.8707,3.032,4,0.000,0.532,0.00,0.00,0.00,0.00,0.00,-1,-1e-30,0.00,7.554e-01,2.445e-01,1.688e-05,4.711e-06,4.230e-05,-1.000,9.996e-05,0.425,0.578,0.517,0.409,0.339,0.277,0.136,0.116
4.9184e-05,-2.19174,10.00000,0.8429541588,2.4328706774,0.790,1.740,3.8677,3.018,4,0.000,0.532,0.00,0.00,0.00,0.00,0.00,-1,-1e-30,0.00,7.554e-01,2.445e-01,1.688e-05,4.711e-06,4.230e-05,-1.000,1.000e-04,0.420,0.583,0.519,0.407,0.334,0.268,0.122,0.102
4.9184e-05,-2.19174,10.00000,0.8430075645,2.4328872365,0.790,1.742,3.8644,3.003,4,0.000,0.532,0.00,0.00,0.00,0.00,0.00,-1,-1e-30,0.00,7.553e-01,2.446e-01,1.688e-05,4.711e-06,4.230e-05,-1.000,9.999e-05,0.415,0.588,0.521,0.404,0.328,0.259,0.107,0.086
4.9184e-05,-2.19174,10.00000,0.8430621624,2.4329041628,0.790,1.745,3.8605,2.985,4,0.000,0.532,0.00,0.00,0.00,0.00,0.00,-1,-1e-30,0.00,7.553e-01,2.446e-01,1.688e-05,4.711e-06,4.230e-05,-1.000,9.999e-05,0.409,0.595,0.524,0.401,0.321,0.249,0.089,0.068
4.9184e-05,-2.19174,10.00000,0.8431203365,2.4329221949,0.790,1.747,3.8558,2.963,4,0.000,0.532,0.00,0.00,0.00,0.00,0.00,-1,-1e-30,0.00,7.553e-01,2.446e-01,1.688e-05,4.712e-06,4.230e-05,-1.000,1.000e-04,0.401,0.604,0.529,0.399,0.314,0.238,0.069,0.047
4.9184e-05,-2.19174,10.00000,0.8431782126,2.4329401319,0.790,1.751,3.8504,2.938,4,0.000,0.532,0.00,0.00,0.00,0.00,0.00,-1,-1e-30,0.00,7.553e-01,2.446e-01,1.688e-05,4.712e-06,4.231e-05,-1.000,1.000e-04,0.393,0.614,0.535,0.397,0.306,0.226,0.046,0.024
4.9184e-05,-2.19174,10.00000,0.8432347178,2.4329576413,0.790,1.755,3.8445,2.911,4,0.000,0.532,0.00,0.00,0.00,0.00,0.00,-1,-1e-30,0.00,7.553e-01,2.446e-01,1.688e-05,4.712e-06,4.231e-05,-1.000,9.993e-05,0.384,0.626,0.542,0.395,0.299,0.214,0.022,-0.001
4.9184e-05,-2.19174,10.00000,0.8432671428,2.4329676876,0.790,1.757,3.8410,2.895,4,0.000,0.532,0.00,0.00,0.00,0.00,0.00,-1,-1e-30,0.00,7.553e-01,2.446e-01,1.688e-05,4.712e-06,4.231e-05,-1.000,1.000e-04,0.378,0.634,0.546,0.394,0.294,0.206,0.008,-0.016
4.9184e-05,-2.19174,10.00000,0.8433207870,2.4329843064,0.790,1.761,3.8345,2.865,4,0.000,0.532,0.00,0.00,0.00,0.00,0.00,-1,-1e-30,0.00,7.553e-01,2.446e-01,1.688e-05,4.712e-06,4.231e-05,-1.000,1.000e-04,0.368,0.648,0.555,0.393,0.286,0.193,-0.018,-0.043
4.9184e-05,-2.19174,10.00000,0.8433775902,2.4330019013,0.790,1.765,3.8274,2.832,4,0.000,0.532,0.00,0.00,0.00,0.00,0.00,-1,-1e-30,0.00,7.553e-01,2.446e-01,1.688e-05,4.712e-06,4.231e-05,-1.000,9.999e-05,0.357,0.664,0.564,0.393,0.278,0.179,-0.045,-0.072
4.9184e-05,-2.19174,10.00000,0.8434337378,2.4330192904,0.790,1.770,3.8199,2.797,4,0.000,0.532,0.00,0.00,0.00,0.00,0.00,-1,-1e-30,0.00,7.553e-01,2.446e-01,1.688e-05,4.713e-06,4.231e-05,-1.000,9.996e-05,0.345,0.682,0.575,0.392,0.269,0.164,-0.073,-0.102
4.9184e-05,-2.19174,10.00000,0.8434913158,2.4330371197,0.790,1.775,3.8115,2.759,4,0.000,0.532,0.00,0.00,0.00,0.00,0.00,-1,-1e-30,0.00,7.553e-01,2.446e-01,1.688e-05,4.713e-06,4.231e-05,-1.000,9.993e-05,0.332,0.704,0.588,0.393,0.261,0.149,-0.104,-0.135
4.9184e-05,-2.19174,10.00000,0.8435462713,2.4330541344,0.790,1.781,3.8030,2.719,4,0.000,0.532,0.00,0.00,0.00,0.00,0.00,-1,-1e-30,0.00,7.553e-01,2.446e-01,1.688e-05,4.713e-06,4.231e-05,-1.000,1.000e-04,0.318,0.730,0.605,0.395,0.253,0.134,-0.136,-0.168
4.9184e-05,-2.19174,10.00000,0.8436011672,2.4330711280,0.791,1.787,3.7948,2.680,4,0.000,0.532,0.00,0.00,0.00,0.00,0.00,-1,-1e-30,0.00,7.553e-01,2.446e-01,1.688e-05,4.713e-06,4.231e-05,-1.000,9.997e-05,0.303,0.755,0.619,0.396,0.245,0.119,-0.166,-0.200
4.9184e-05,-2.19174,10.00000,0.8436554670,2.4330879346,0.791,1.793,3.7882,2.648,4,0.000,0.532,0.00,0.00,0.00,0.00,0.00,-1,-1e-30,0.00,7.553e-01,2.446e-01,1.688e-05,4.713e-06,4.231e-05,-1.000,1.000e-04,0.288,0.772,0.629,0.394,0.236,0.105,-0.192,-0.228
4.9184e-05,-2.19174,10.00000,0.8437105417,2.4331049786,0.791,1.799,3.7824,2.619,4,0.000,0.532,0.00,0.00,0.00,0.00,0.00,-1,-1e-30,0.00,7.553e-01,2.446e-01,1.688e-05,4.714e-06,4.231e-05,-1.000,1.000e-04,0.273,0.786,0.636,0.391,0.226,0.090,-0.217,-0.255
4.9184e-05,-2.19174,10.00000,0.8437654376,2.4331219646,0.791,1.805,3.7774,2.593,4,0.000,0.532,0.00,0.00,0.00,0.00,0.00,-1,-1e-30,0.00,7.553e-01,2.446e-01,1.688e-05,4.714e-06,4.231e-05,-1.000,1.000e-04,0.257,0.795,0.638,0.386,0.215,0.075,-0.241,-0.280
4.9184e-05,-2.19174,10.00000,0.8438013196,2.4331330659,0.791,1.808,3.7754,2.582,4,0.000,0.532,0.00,0.00,0.00,0.00,0.00,-1,-1e-30,0.00,7.553e-01,2.446e-01,1.688e-05,4.714e-06,4.231e-05,-1.000,1.000e-04,0.250,0.798,0.639,0.383,0.210,0.069,-0.251,-0.291
4.9184e-05,-2.19174,10.00000,0.8438554406,2.4331498081,0.791,1.816,3.7706,2.554,4,0.000,0.532,0.00,0.00,0.00,0.00,0.00,-1,-1e-30,0.00,7.553e-01,2.446e-01,1.688e-05,4.714e-06,4.231e-05,-1.000,1.000e-04,0.229,0.800,0.635,0.372,0.194,0.049,-0.280,-0.321
4.9184e-05,-2.19174,10.00000,0.8439114690,2.4331671377,0.791,1.832,3.7640,2.513,4,0.000,0.532,0.00,0.00,0.00,0.00,0.00,-1,-1e-30,0.00,7.553e-01,2.446e-01,1.688e-05,4.714e-06,4.231e-05,-1.000,9.999e-05,0.191,0.796,0.622,0.348,0.162,0.013,-0.328,-0.370
4.9184e-05,-2.19174,10.00000,0.8439662457,2.4331840775,0.791,1.857,3.7559,2.455,4,0.000,0.532,0.00,0.00,0.00,0.00,0.00,-1,-1e-30,0.00,7.553e-01,2.446e-01,1.688e-05,4.715e-06,4.231e-05,-1.000,9.997e-05,0.128,0.775,0.591,0.303,0.108,-0.048,-0.403,-0.448
4.9184e-05,-2.19174,10.00000,0.8439993858,2.4331943250,0.791,1.886,3.7481,2.394,4,0.000,0.532,0.00,0.00,0.00,0.00,0.00,-1,-1e-30,0.00,7.553e-01,2.446e-01,1.688e-05,4.715e-06,4.231e-05,-1.000,1.000e-04,0.055,0.744,0.549,0.247,0.043,-0.119,-0.488,-0.535
4.9184e-05,-2.19174,10.00000,0.8440159559,2.4331994484,0.791,1.918,3.7408,2.334,4,0.000,0.532,0.00,0.00,0.00,0.00,0.00,-1,-1e-30,0.00,7.553e-01,2.446e-01,1.688e-05,4.715e-06,4.231e-05,-1.000,9.999e-05,-0.024,0.705,0.499,0.184,-0.027,-0.195,-0.576,-0.626
4.9184e-05,-2.19174,10.00000,0.8440230489,2.4332016414,0.791,1.949,3.7347,2.278,4,0.000,0.532,0.00,0.00,0.00,0.00,0.00,-1,-1e-30,0.00,7.553e-01,2.446e-01,1.688e-05,4.715e-06,4.231e-05,-1.000,1.000e-04,-0.104,0.660,0.445,0.119,-0.100,-0.271,-0.664,-0.715
4.9184e-05,-2.19174,10.00000,0.8440262675,2.4332026366,0.791,1.980,3.7298,2.227,4,0.000,0.532,0.00,0.00,0.00,0.00,0.00,-1,-1e-30,0.00,7.553e-01,2.446e-01,1.688e-05,4.715e-06,4.231e-05,-1.000,9.996e-05,-0.181,0.611,0.388,0.054,-0.171,-0.347,-0.748,-0.801
4.9184e-05,-2.19174,10.00000,0.8440279365,2.4332031526,0.791,2.008,3.7262,2.185,4,0.000,0.532,0.00,0.00,0.00,0.00,0.00,-1,-1e-30,0.00,7.553e-01,2.446e-01,1.688e-05,4.715e-06,4.231e-05,-1.000,9.997e-05,-0.249,0.566,0.336,-0.005,-0.234,-0.412,-0.820,-0.874
4.9184e-05,-2.19174,10.00000,0.8440280557,2.4332031894,0.791,2.010,3.7258,2.181,7,0.000,0.532,0.00,0.00,0.00,0.00,0.00,-1,-1e-30,0.00,7.553e-01,2.446e-01,1.688e-05,4.715e-06,4.231e-05,-1.000,9.996e-05,-0.256,0.561,0.331,-0.011,-0.240,-0.419,-0.827,-0.881
4.9184e-05,-2.19174,10.00000,0.8440288305,2.4332034290,0.791,2.035,3.7234,2.147,7,0.000,0.532,0.00,0.00,0.00,0.00,0.00,-1,-1e-30,0.00,7.553e-01,2.446e-01,1.688e-05,4.715e-06,4.231e-05,-1.000,9.996e-05,-0.317,0.514,0.280,-0.066,-0.299,-0.479,-0.892,-0.946
4.9184e-05,-2.19174,10.00000,0.8440299034,2.4332037607,0.791,2.077,3.7198,2.090,7,0.000,0.532,0.00,0.00,0.00,0.00,0.00,-1,-1e-30,0.00,7.553e-01,2.446e-01,1.688e-05,4.715e-06,4.231e-05,-1.000,1.000e-04,-0.422,0.432,0.192,-0.161,-0.398,-0.581,-1.001,-1.057
4.9184e-05,-2.19174,10.00000,0.8440309763,2.4332040924,0.791,2.118,3.7166,2.037,7,0.000,0.532,0.00,0.00,0.00,0.00,0.00,-1,-1e-30,0.00,7.553e-01,2.446e-01,1.688e-05,4.715e-06,4.231e-05,-1.000,9.999e-05,-0.524,0.351,0.105,-0.255,-0.496,-0.681,-1.106,-1.163
4.9184e-05,-2.19174,10.00000,0.8440324068,2.4332045347,0.791,2.168,3.7132,1.973,7,0.000,0.532,0.00,0.00,0.00,0.00,0.00,-1,-1e-30,0.00,7.553e-01,2.446e-01,1.688e-05,4.715e-06,4.231e-05,-1.000,1.001e-04,-0.649,0.249,-0.003,-0.370,-0.615,-0.803,-1.235,-1.293
4.9184e-05,-2.19174,10.00000,0.8440356851,2.4332055483,0.791,2.170,3.7134,1.972,7,0.000,0.532,0.00,0.00,0.00,0.00,0.00,-1,-1e-30,0.00,7.553e-01,2.446e-01,1.688e-05,4.715e-06,4.231e-05,-1.000,9.999e-05,-0.655,0.242,-0.010,-0.376,-0.621,-0.809,-1.241,-1.299
4.9184e-05,-2.19174,10.00000,0.8440538049,2.4332111503,0.791,2.144,3.7148,2.003,7,0.000,0.532,0.00,0.00,0.00,0.00,0.00,-1,-1e-30,0.00,7.553e-01,2.446e-01,1.688e-05,4.715e-06,4.231e-05,-1.000,9.993e-05,-0.591,0.297,0.047,-0.316,-0.559,-0.746,-1.175,-1.232
4.9184e-05,-2.19174,10.00000,0.8440762758,2.4332180971,0.791,2.181,3.7121,1.955,7,0.000,0.532,0.00,0.00,0.00,0.00,0.00,-1,-1e-30,0.00,7.552e-01,2.447e-01,1.688e-05,4.715e-06,4.231e-05,-1.000,1.000e-04,-0.684,0.223,-0.032,-0.401,-0.648,-0.837,-1.271,-1.330
4.9184e-05,-2.19174,10.00000,0.8440961242,2.4332242328,0.791,2.225,3.7092,1.900,7,0.000,0.532,0.00,0.00,0.00,0.00,0.00,-1,-1e-30,0.00,7.552e-01,2.447e-01,1.688e-05,4.715e-06,4.231e-05,-1.000,9.997e-05,-0.792,0.135,-0.126,-0.501,-0.752,-0.943,-1.383,-1.442
4.9184e-05,-2.19174,10.00000,0.8441100717,2.4332285442,0.791,2.259,3.7070,1.857,7,0.000,0.532,0.00,0.00,0.00,0.00,0.00,-1,-1e-30,0.00,7.552e-01,2.447e-01,1.688e-05,4.715e-06,4.231e-05,-1.000,1.000e-04,-0.878,0.066,-0.200,-0.580,-0.834,-1.027,-1.471,-1.531
4.9184e-05,-2.19174,10.00000,0.8441277742,2.4332340161,0.791,2.301,3.7045,1.805,7,0.000,0.532,0.00,0.00,0.00,0.00,0.00,-1,-1e-30,0.00,7.552e-01,2.447e-01,1.688e-05,4.715e-06,4.231e-05,-1.000,9.999e-05,-0.983,-0.020,-0.292,-0.678,-0.935,-1.130,-1.579,-1.640
4.9184e-05,-2.19174,10.00000,0.8441444039,2.4332391561,0.791,2.340,3.7022,1.757,7,0.000,0.532,0.00,0.00,0.00,0.00,0.00,-1,-1e-30,0.00,7.552e-01,2.447e-01,1.688e-05,4.716e-06,4.231e-05,-1.000,1.000e-04,-1.081,-0.100,-0.377,-0.768,-1.029,-1.226,-1.679,-1.741
4.9184e-05,-2.19174,10.00000,0.8441596627,2.4332438722,0.791,2.380,3.7000,1.708,7,0.000,0.532,0.00,0.00,0.00,0.00,0.00,-1,-1e-30,0.00,7.552e-01,2.447e-01,1.688e-05,4.717e-06,4.231e-05,-1.000,1.001e-04,-1.180,-0.182,-0.464,-0.861,-1.124,-1.323,-1.781,-1.843
4.9184e-05,-2.19174,10.00000,0.8441734910,2.4332481460,0.791,2.420,3.6978,1.659,7,0.000,0.531,0.00,0.00,0.00,0.00,0.00,-1,-1e-30,0.00,7.552e-01,2.447e-01,1.685e-05,4.729e-06,4.232e-05,-1.000,9.999e-05,-1.280,-0.264,-0.551,-0.953,-1.220,-1.421,-1.883,-1.946
4.9184e-05,-2.19174,10.00000,0.8441860080,2.4332520143,0.791,2.461,3.6956,1.610,7,0.000,0.527,0.00,0.00,0.00,0.00,0.00,-1,-1e-30,0.00,7.550e-01,2.449e-01,1.674e-05,4.796e-06,4.233e-05,-1.000,7.020e-05,-1.382,-0.346,-0.639,-1.046,-1.316,-1.519,-1.985,-2.050
4.9184e-05,-2.19174,10.00000,0.8441974521,2.4332555510,0.791,2.501,3.6934,1.560,7,0.000,0.518,5.87,4.77,3.41,2.63,2.13,3,-1e-30,0.00,7.548e-01,2.451e-01,1.644e-05,5.082e-06,4.235e-05,-1.000,7.871e-05,-1.484,-0.429,-0.728,-1.140,-1.414,-1.619,-2.089,-2.154
4.9184e-05,-2.19174,10.00000,0.8442077041,2.4332587192,0.791,2.542,3.6912,1.511,7,0.000,0.502,6.52,5.22,3.71,2.87,2.32,3,-1e-30,0.00,7.546e-01,2.453e-01,1.596e-05,5.643e-06,4.236e-05,-1.000,1.000e-04,-1.586,-0.512,-0.816,-1.234,-1.511,-1.718,-2.193,-2.258
4.9184e-05,-2.19174,10.00000,0.8442170024,2.4332615926,0.791,2.582,3.6891,1.462,7,0.000,0.487,7.23,5.70,4.04,3.13,2.53,3,-1e-30,0.00,7.544e-01,2.455e-01,1.548e-05,6.239e-06,4.238e-05,-1.000,9.996e-05,-1.686,-0.592,-0.902,-1.326,-1.606,-1.815,-2.295,-2.361
4.9184e-05,-2.19174,10.00000,0.8442255855,2.4332642449,0.791,2.623,3.6870,1.413,7,0.000,0.474,8.02,6.23,4.40,3.41,2.76,3,-1e-30,0.00,7.542e-01,2.457e-01,1.506e-05,6.755e-06,4.239e-05,-1.000,1.000e-04,-1.787,-0.671,-0.987,-1.418,-1.701,-1.913,-2.397,-2.464
4.9184e-05,-2.19174,10.00000,0.8442335129,2.4332666946,0.791,2.663,3.6848,1.365,7,0.000,0.462,8.89,6.80,4.78,3.71,3.00,3,-1e-30,0.00,7.540e-01,2.459e-01,1.470e-05,7.195e-06,4.240e-05,-1.000,9.999e-05,-1.887,-0.744,-1.069,-1.508,-1.796,-2.010,-2.499,-2.567
4.9184e-05,-2.19174,10.00000,0.8442410827,2.4332690336,0.791,2.703,3.6827,1.317,7,0.000,0.453,9.85,7.42,5.20,4.03,3.27,3,-1e-30,0.00,7.538e-01,2.461e-01,1.440e-05,7.570e-06,4.240e-05,-1.000,9.993e-05,-1.986,-0.810,-1.148,-1.598,-1.891,-2.108,-2.603,-2.672
4.9184e-05,-2.19174,10.00000,0.8442484140,2.4332712990,0.791,2.742,3.6806,1.268,7,0.000,0.444,10.91,8.10,5.65,4.39,3.56,3,-1e-30,0.00,7.535e-01,2.464e-01,1.413e-05,7.907e-06,4.240e-05,-1.000,1.000e-04,-2.086,-0.873,-1.225,-1.687,-1.986,-2.206,-2.707,-2.776
4.9184e-05,-2.19174,10.00000,0.8442555070,2.4332734907,0.791,2.783,3.6784,1.219,7,0.000,0.437,12.11,8.85,6.15,4.79,3.88,3,-1e-30,0.00,7.533e-01,2.466e-01,1.390e-05,8.195e-06,4.238e-05,-1.000,9.921e-05,-2.187,-0.932,-1.299,-1.775,-2.080,-2.304,-2.811,-2.882
4.9184e-05,-2.19174,10.00000,0.8442620039,2.4332754981,0.791,2.823,3.6762,1.170,7,0.000,0.431,13.45,9.68,6.70,5.22,4.23,2,-1e-30,0.00,7.530e-01,2.469e-01,1.370e-05,8.448e-06,4.235e-05,-1.000,9.756e-05,-2.289,-0.986,-1.371,-1.862,-2.174,-2.403,-2.917,-2.988
4.9184e-05,-2.19174,10.00000,0.8442675471,2.4332772108,0.791,2.863,3.6740,1.121,7,0.000,0.426,14.91,10.57,7.29,5.69,4.61,2,-1e-30,0.00,7.528e-01,2.471e-01,1.352e-05,8.684e-06,4.228e-05,-1.000,1.000e-04,-2.388,-1.035,-1.438,-1.945,-2.266,-2.499,-3.020,-3.093
4.9184e-05,-2.19174,10.00000,0.8442724943,2.4332787394,0.791,2.904,3.6717,1.071,7,0.000,0.423,16.57,11.56,7.94,6.21,5.03,2,-1e-30,0.00,7.525e-01,2.474e-01,1.337e-05,8.916e-06,4.218e-05,-1.000,9.993e-05,-2.490,-1.079,-1.504,-2.029,-2.359,-2.596,-3.126,-3.200
4.9184e-05,-2.19174,10.00000,0.8442766666,2.4332800285,0.791,2.944,3.6695,1.022,7,0.000,0.420,18.38,12.63,8.64,6.76,5.48,2,-1e-30,0.00,7.523e-01,2.476e-01,1.324e-05,9.158e-06,4.204e-05,-1.000,1.000e-04,-2.590,-1.118,-1.565,-2.109,-2.448,-2.691,-3.230,-3.304
4.9184e-05,-2.19174,10.00000,0.8442804217,2.4332811887,0.791,2.983,3.6672,0.974,7,0.000,0.418,20.37,13.79,9.39,7.36,5.97,2,-1e-30,0.00,7.520e-01,2.479e-01,1.313e-05,9.411e-06,4.188e-05,-1.000,1.000e-04,-2.688,-1.147,-1.619,-2.185,-2.535,-2.784,-3.332,-3.408
4.9184e-05,-2.19174,10.00000,0.8442844152,2.4332824226,0.791,3.024,3.6648,0.923,7,0.000,0.417,22.66,15.10,10.25,8.04,6.52,2,-1e-30,0.00,7.518e-01,2.481e-01,1.305e-05,9.651e-06,4.172e-05,-1.000,9.997e-05,-2.790,-1.167,-1.668,-2.259,-2.622,-2.878,-3.438,-3.515
4.9184e-05,-2.19174,10.00000,0.8442877531,2.4332834538,0.791,3.062,3.6626,0.876,7,0.000,0.416,25.04,16.45,11.12,8.73,7.08,2,-1e-30,0.00,7.516e-01,2.483e-01,1.298e-05,9.853e-06,4.158e-05,-1.000,5.382e-05,-2.886,-1.180,-1.710,-2.326,-2.702,-2.965,-3.537,-3.615
4.9184e-05,-2.19174,10.00000,0.8442897797,2.4332840800,0.791,3.103,3.6601,0.826,7,0.000,0.416,27.85,18.01,12.12,9.54,7.74,1,-1e-30,0.00,7.515e-01,2.484e-01,1.294e-05,9.981e-06,4.148e-05,-1.000,9.960e-05,-2.987,-1.181,-1.746,-2.391,-2.784,-3.055,-3.641,-3.722
4.9184e-05,-2.19174,10.00000,0.8442901373,2.4332841904,0.791,3.061,3.6627,0.878,7,0.000,0.416,24.95,16.39,11.08,8.71,7.06,1,-1e-30,0.00,7.513e-01,2.486e-01,1.289e-05,1.017e-05,4.134e-05,-1.000,9.994e-05,-2.883,-1.181,-1.710,-2.324,-2.700,-2.962,-3.533,-3.612
4.9184e-05,-2.19174,10.00000,0.8442902565,2.4332842273,0.791,3.059,3.6628,0.881,7,0.000,0.416,24.78,16.30,11.02,8.66,7.02,1,-1e-30,0.00,7.513e-01,2.486e-01,1.289e-05,1.018e-05,4.133e-05,-1.000,9.996e-05,-2.876,-1.180,-1.707,-2.320,-2.695,-2.957,-3.527,-3.605
4.9184e-05,-2.19174,10.00000,0.8442904353,2.4332842825,0.791,3.078,3.6617,0.857,7,0.000,0.416,26.08,17.03,11.49,9.03,7.33,1,-1e-30,0.00,7.513e-01,2.486e-01,1.288e-05,1.019e-05,4.132e-05,-1.000,1.000e-04,-2.925,-1.183,-1.726,-2.352,-2.735,-3.000,-3.577,-3.656
4.9184e-05,-2.19174,10.00000,0.8442905545,2.4332843194,0.791,3.096,3.6605,0.834,7,0.000,0.416,27.36,17.74,11.95,9.40,7.62,1,-1e-30,0.00,7.513e-01,2.486e-01,1.288e-05,1.020e-05,4.132e-05,-1.000,9.999e-05,-2.970,-1.183,-1.742,-2.381,-2.771,-3.041,-3.624,-3.704
4.9184e-05,-2.19174,10.00000,0.8442907333,2.4332843746,0.791,3.117,3.6592,0.808,7,0.000,0.416,28.92,18.60,12.50,9.84,7.98,1,-1e-30,0.00,7.513e-01,2.486e-01,1.288e-05,1.021e-05,4.131e-05,-1.000,1.000e-04,-3.023,-1.180,-1.758,-2.414,-2.813,-3.087,-3.678,-3.759
4.9184e-05,-2.19174,10.00000,0.8442909718,2.4332844483,0.791,3.139,3.6578,0.781,7,0.000,0.416,30.65,19.54,13.11,10.32,8.38,1,-1e-30,0.00,7.511e-01,2.488e-01,1.284e-05,1.037e-05,4.118e-05,-1.000,9.999e-05,-3.077,-1.177,-1.775,-2.447,-2.856,-3.134,-3.734,-3.815
4.9184e-05,-2.19174,10.00000,0.8442913294,2.4332845588,0.791,3.175,3.6555,0.736,7,0.000,0.415,33.73,21.21,14.17,11.17,9.07,1,-1e-30,0.00,7.509e-01,2.490e-01,1.279e-05,1.054e-05,4.106e-05,-1.000,9.999e-05,-3.167,-1.201,-1.819,-2.509,-2.928,-3.212,-3.822,-3.905
4.9184e-05,-2.19174,10.00000,0.8442918658,2.4332847245,0.791,3.226,3.6522,0.671,7,0.000,0.415,38.67,23.83,15.84,12.51,10.16,1,-1e-30,0.00,7.505e-01,2.494e-01,1.269e-05,1.096e-05,4.075e-05,-1.000,9.997e-05,-3.295,-1.230,-1.879,-2.594,-3.030,-3.322,-3.948,-4.034
4.9184e-05,-2.19174,10.00000,0.8442924619,2.4332849086,0.791,3.252,3.6486,0.631,8,0.525,0.430,42.10,25.62,16.97,13.42,10.90,1,-4.14e-07,0.00,7.501e-01,2.498e-01,1.319e-05,1.127e-05,4.093e-05,-1.000,1.242e-04,-3.360,-1.202,-1.878,-2.616,-3.068,-3.367,-4.009,-4.096
4.9184e-05,-2.19174,10.00000,0.8442925215,2.4332849271,0.790,3.050,3.6613,0.883,8,0.525,0.430,24.67,16.24,10.98,8.63,7.00,1,-1.86e-07,0.00,7.501e-01,2.498e-01,1.319e-05,1.127e-05,4.093e-05,-1.000,1.242e-04,-2.855,-1.112,-1.655,-2.282,-2.664,-2.929,-3.506,-3.585
4.9184e-05,-2.19174,10.00000,0.8442926407,2.4332849639,0.787,2.900,3.6704,1.068,8,0.525,0.430,16.67,11.62,7.98,6.24,5.05,2,-1.08e-07,0.00,7.501e-01,2.498e-01,1.319e-05,1.127e-05,4.093e-05,-1.000,1.242e-04,-2.480,-1.038,-1.474,-2.009,-2.343,-2.584,-3.118,-3.192
4.9184e-05,-2.19174,10.00000,0.8442929387,2.4332850560,0.782,2.673,3.6841,1.347,8,0.525,0.430,9.20,7.00,4.92,3.82,3.09,3,-5.12e-08,0.00,7.501e-01,2.498e-01,1.319e-05,1.127e-05,4.093e-05,-1.000,1.243e-04,-1.912,-0.757,-1.087,-1.530,-1.820,-2.035,-2.526,-2.594
4.9184e-05,-2.19174,10.00000,0.8442932963,2.4332851665,0.776,2.677,3.6836,1.337,8,0.525,0.430,9.36,7.11,4.99,3.87,3.13,3,-5.22e-08,0.00,7.501e-01,2.498e-01,1.319e-05,1.127e-05,4.093e-05,-1.000,1.243e-04,-1.922,-0.760,-1.092,-1.537,-1.828,-2.044,-2.536,-2.605
4.9184e-05,-2.19174,10.00000,0.8442937136,2.4332852954,0.767,2.743,3.6793,1.250,8,0.525,0.430,11.25,8.31,5.79,4.51,3.65,3,-6.51e-08,0.00,7.501e-01,2.498e-01,1.319e-05,1.127e-05,4.093e-05,-1.000,1.242e-04,-2.087,-0.850,-1.210,-1.680,-1.983,-2.205,-2.709,-2.779
4.9184e-05,-2.19174,10.00000,0.8442942500,2.4332854611,0.757,2.923,3.6680,1.019,8,0.526,0.430,18.29,12.57,8.59,6.73,5.46,2,-1.22e-07,0.00,7.501e-01,2.498e-01,1.319e-05,1.127e-05,4.093e-05,-1.000,1.243e-04,-2.536,-1.028,-1.488,-2.043,-2.388,-2.634,-3.178,-3.253
4.9184e-05,-2.19174,10.00000,0.8442949057,2.4332856637,0.746,3.090,3.6574,0.802,8,0.526,0.430,28.88,18.52,12.43,9.81,7.95,1,-2.32e-07,0.00,7.501e-01,2.498e-01,1.319e-05,1.127e-05,4.093e-05,-1.000,1.243e-04,-2.955,-1.056,-1.653,-2.324,-2.733,-3.011,-3.610,-3.692
4.9184e-05,-2.19174,10.00000,0.8442956209,2.4332858846,0.732,3.202,3.6501,0.654,8,0.526,0.430,39.46,24.12,15.99,12.67,10.28,1,-3.74e-07,0.00,7.501e-01,2.498e-01,1.319e-05,1.127e-05,4.093e-05,-1.000,1.243e-04,-3.234,-1.118,-1.782,-2.510,-2.955,-3.250,-3.885,-3.972
4.9184e-05,-2.19174,10.00000,0.8442964554,2.4332861425,0.718,3.262,3.6460,0.568,8,0.527,0.430,47.12,27.99,18.43,14.64,11.88,1,-4.95e-07,0.00,7.501e-01,2.498e-01,1.319e-05,1.127e-05,4.093e-05,-1.000,1.242e-04,-3.384,-1.138,-1.841,-2.601,-3.069,-3.374,-4.030,-4.120
4.9184e-05,-2.19174,10.00000,0.8442973495,2.4332864187,0.702,3.289,3.6438,0.522,8,0.527,0.430,51.75,30.24,19.83,15.79,12.82,1,-5.75e-07,0.00,7.501e-01,2.498e-01,1.319e-05,1.127e-05,4.093e-05,-1.000,1.243e-04,-3.453,-1.133,-1.857,-2.636,-3.116,-3.427,-4.095,-4.187
4.9184e-05,-2.19174,10.00000,0.8442983627,2.4332867317,0.685,3.303,3.6424,0.492,8,0.528,0.430,54.92,31.73,20.75,16.55,13.43,1,-6.33e-07,0.00,7.501e-01,2.498e-01,1.319e-05,1.127e-05,4.093e-05,-1.000,1.243e-04,-3.487,-1.117,-1.856,-2.648,-3.137,-3.451,-4.128,-4.220
4.9184e-05,-2.19174,10.00000,0.8443043232,2.4332885732,0.531,-9.999,4.0000,1.852,9,0.531,0.000,0.00,0.00,0.00,0.00,0.00,-1,-1e-30,0.00,7.501e-01,2.498e-01,1.319e-05,1.127e-05,4.093e-05,-1.000,1.243e-04,29.767,30.044,30.077,30.081,30.075,30.072,30.071,30.059
0.00015547,-2.00000,10.00000,0.0936335474,1.1156111859,0.094,-3.051,3.5131,5.464,1,0.000,0.545,0.00,0.00,0.00,0.00,0.00,-1,-6.77e-17,0.00,7.480e-01,2.519e-01,2.943e-05,7.939e-06,7.201e-05,-1.000,1.636e-04,12.397,16.027,15.279,14.238,13.545,13.165,11.795,11.624
0.00015547,-2.00000,10.00000,0.0987751186,1.1607923229,0.099,-2.892,3.5353,5.417,1,0.000,0.545,0.00,0.00,0.00,0.00,0.00,-1,-1e-16,0.00,7.469e-01,2.529e-01,2.943e-05,7.939e-06,7.201e-05,-1.000,1.636e-04,12.001,15.185,14.518,13.543,12.898,12.522,11.397,11.248
0.00015547,-2.00000,10.00000,0.1035686582,1.2002434792,0.103,-2.752,3.5549,5.375,1,0.000,0.545,0.00,0.00,0.00,0.00,0.00,-1,-1.42e-16,0.00,7.459e-01,2.539e-01,2.943e-05,7.939e-06,7.201e-05,-1.000,1.636e-04,11.650,14.463,13.859,12.972,12.355,11.986,11.041,10.909
0.00015547,-2.00000,10.00000,0.1234388798,1.3415665689,0.123,-2.477,3.5826,5.288,1,0.000,0.545,0.00,0.00,0.00,0.00,0.00,-1,-2.71e-16,0.00,7.432e-01,2.566e-01,2.943e-05,7.939e-06,7.201e-05,-1.000,1.636e-04,10.962,13.305,12.774,12.016,11.459,11.114,10.343,10.231
0.00015547,-2.00000,10.00000,0.1433091164,1.4560319688,0.143,-2.302,3.5961,5.232,1,0.000,0.545,0.00,0.00,0.00,0.00,0.00,-1,-4.02e-16,0.00,7.414e-01,2.584e-01,2.943e-05,7.940e-06,7.201e-05,-1.000,1.637e-04,10.524,12.668,12.166,11.463,10.947,10.619,9.900,9.796
0.00015547,-2.00000,10.00000,0.1631793380,1.5515256229,0.163,-2.165,3.6049,5.186,1,0.000,0.545,0.00,0.00,0.00,0.00,0.00,-1,-5.43e-16,0.00,7.403e-01,2.596e-01,2.943e-05,7.940e-06,7.201e-05,-1.000,1.636e-04,10.183,12.206,11.723,11.052,10.562,10.246,9.555,9.454
0.00015547,-2.00000,10.00000,0.2029198259,1.7036916472,0.203,-1.951,3.6167,5.114,1,0.000,0.545,0.00,0.00,0.00,0.00,0.00,-1,-8.67e-16,0.00,7.395e-01,2.604e-01,2.943e-05,7.940e-06,7.201e-05,-1.000,1.637e-04,9.647,11.519,11.058,10.427,9.971,9.670,9.013,8.918
0.00015547,-2.00000,10.00000,0.2525953948,1.8468695073,0.252,-1.753,3.6273,5.054,1,0.000,0.545,0.00,0.00,0.00,0.00,0.00,-1,-1.31e-15,0.00,7.396e-01,2.603e-01,2.943e-05,7.940e-06,7.201e-05,-1.000,1.637e-04,9.152,10.896,10.453,9.854,9.428,9.140,8.512,8.422
0.00015547,-2.00000,10.00000,0.3022710085,1.9574397077,0.302,-1.600,3.6361,5.014,1,0.000,0.545,0.00,0.00,0.00,0.00,0.00,-1,-1.79e-15,0.00,7.397e-01,2.601e-01,2.942e-05,7.941e-06,7.201e-05,-1.000,1.637e-04,8.770,10.415,9.987,9.412,9.008,8.731,8.126,8.040
0.00015547,-2.00000,10.00000,0.3519465327,2.0465963009,0.352,-1.474,3.6442,4.987,1,0.000,0.544,0.00,0.00,0.00,0.00,0.00,-1,-2.29e-15,0.00,7.400e-01,2.598e-01,2.940e-05,7.942e-06,7.201e-05,-1.000,1.636e-04,8.455,10.014,9.599,9.045,8.660,8.392,7.807,7.724
0.00015547,-2.00000,10.00000,0.4016221166,2.1207314881,0.401,-1.352,3.6530,4.957,1,0.000,0.545,0.00,0.00,0.00,0.00,0.00,-1,-2.93e-15,0.00,7.503e-01,2.496e-01,2.943e-05,7.939e-06,7.201e-05,-1.000,1.636e-04,8.150,9.620,9.219,8.687,8.321,8.063,7.498,7.419
0.00015547,-2.00000,10.00000,0.4512977004,2.1838121607,0.451,-1.202,3.6673,4.915,1,0.000,0.545,0.00,0.00,0.00,0.00,0.00,-1,-4.1e-15,0.00,7.507e-01,2.491e-01,2.943e-05,7.939e-06,7.201e-05,-1.000,1.637e-04,7.775,9.108,8.731,8.232,7.895,7.653,7.120,7.046
0.00015547,-2.00000,10.00000,0.5009732842,2.2384552293,0.501,-1.035,3.6840,4.861,1,0.000,0.545,0.00,0.00,0.00,0.00,0.00,-1,-6.08e-15,0.00,7.513e-01,2.486e-01,2.939e-05,7.929e-06,7.192e-05,-1.000,1.636e-04,7.357,8.544,8.197,7.734,7.428,7.203,6.704,6.637
0.00015547,-2.00000,10.00000,0.5506489277,2.2841947944,0.550,-0.840,3.7033,4.784,1,0.000,0.544,0.00,0.00,0.00,0.00,0.00,-1,-9.92e-15,0.00,7.792e-01,2.207e-01,2.628e-05,7.095e-06,6.437e-05,-1.000,1.013e-04,6.871,7.907,7.596,7.174,6.898,6.690,6.229,6.168
0.00015547,-2.00000,10.00000,0.5940754414,2.3170597281,0.594,-0.667,3.7243,4.728,1,0.000,0.544,0.00,0.00,0.00,0.00,0.00,-1,-1.52e-14,0.00,7.884e-01,2.114e-01,2.530e-05,6.832e-06,6.201e-05,-1.000,1.560e-04,6.437,7.331,7.060,6.680,6.432,6.241,5.818,5.764
0.00015547,-2.00000,10.00000,0.6003244519,2.3213410765,0.600,-0.643,3.7272,4.720,1,0.000,0.544,0.00,0.00,0.00,0.00,0.00,-1,-1.61e-14,0.00,7.897e-01,2.101e-01,2.516e-05,6.796e-06,6.168e-05,-1.000,1.637e-04,6.377,7.253,6.987,6.612,6.368,6.180,5.762,5.709
0.00015547,-2.00000,10.00000,0.6125001311,2.3293950815,0.612,-0.592,3.7340,4.705,1,0.000,0.544,0.00,0.00,0.00,0.00,0.00,-1,-1.82e-14,0.00,7.929e-01,2.069e-01,2.482e-05,6.705e-06,6.087e-05,-1.000,1.636e-04,6.250,7.086,6.833,6.471,6.235,6.052,5.646,5.595
0.00015547,-2.00000,10.00000,0.6271697283,2.3386227064,0.627,-0.531,3.7422,4.687,1,0.000,0.544,0.00,0.00,0.00,0.00,0.00,-1,-2.11e-14,0.00,7.971e-01,2.028e-01,2.439e-05,6.589e-06,5.983e-05,-1.000,1.463e-04,6.098,6.888,6.649,6.302,6.076,5.899,5.507,5.458
0.00015547,-2.00000,10.00000,0.6402659416,2.3464511149,0.640,-0.476,3.7494,4.670,1,0.000,0.543,0.00,0.00,0.00,0.00,0.00,-1,-2.42e-14,0.00,8.011e-01,1.988e-01,2.398e-05,6.480e-06,5.884e-05,-1.000,1.337e-04,5.961,6.714,6.487,6.153,5.936,5.764,5.385,5.338
0.00015547,-2.00000,10.00000,0.6499999762,2.3520353107,0.650,-0.435,3.7548,4.657,1,0.000,0.543,0.00,0.00,0.00,0.00,0.00,-1,-2.68e-14,0.00,8.041e-01,1.957e-01,2.366e-05,6.394e-06,5.807e-05,-1.000,1.341e-04,5.858,6.584,6.366,6.043,5.832,5.665,5.295,5.250
0.00015547,-2.00000,10.00000,0.6581508517,2.3565654475,0.658,-0.401,3.7591,4.645,1,0.000,0.543,0.00,0.00,0.00,0.00,0.00,-1,-2.92e-14,0.00,8.074e-01,1.925e-01,2.332e-05,6.304e-06,5.727e-05,-1.000,1.386e-04,5.771,6.476,6.266,5.950,5.745,5.581,5.218,5.175
0.00015547,-2.00000,10.00000,0.6706717610,2.3632783329,0.670,-0.347,3.7656,4.626,1,0.000,0.543,0.00,0.00,0.00,0.00,0.00,-1,-3.35e-14,0.00,8.127e-01,1.872e-01,2.277e-05,6.158e-06,5.595e-05,-1.000,1.146e-04,5.637,6.313,6.113,5.809,5.611,5.453,5.101,5.059
0.00015547,-2.00000,10.00000,0.6829990745,2.3696116706,0.683,-0.293,3.7720,4.605,1,0.000,0.542,0.00,0.00,0.00,0.00,0.00,-1,-3.84e-14,0.00,8.183e-01,1.815e-01,2.219e-05,6.003e-06,5.456e-05,-1.000,1.512e-04,5.503,6.153,5.963,5.670,5.479,5.325,4.983,4.943
0.00015547,-2.00000,10.00000,0.6939523816,2.3750225255,0.694,-0.245,3.7774,4.586,1,0.000,0.542,0.00,0.00,0.00,0.00,0.00,-1,-4.36e-14,0.00,8.237e-01,1.762e-01,2.163e-05,5.855e-06,5.323e-05,-1.000,1.636e-04,5.383,6.010,5.828,5.545,5.360,5.210,4.877,4.838
0.00015547,-2.00000,10.00000,0.6999999881,2.3779266974,0.700,-0.218,3.7804,4.575,1,0.000,0.542,0.00,0.00,0.00,0.00,0.00,-1,-4.67e-14,0.00,8.268e-01,1.731e-01,2.131e-05,5.769e-06,5.246e-05,-1.000,1.636e-04,5.316,5.931,5.754,5.476,5.294,5.146,4.818,4.780
0.00015547,-2.00000,10.00000,0.7003502250,2.3780931216,0.700,-0.217,3.7806,4.574,1,0.000,0.541,0.00,0.00,0.00,0.00,0.00,-1,-4.69e-14,0.00,8.270e-01,1.729e-01,2.129e-05,5.764e-06,5.242e-05,-1.000,1.632e-04,5.312,5.927,5.750,5.472,5.290,5.142,4.814,4.776
0.00015547,-2.00000,10.00000,0.7129241228,2.3839435980,0.713,-0.159,3.7864,4.547,1,0.000,0.539,0.00,0.00,0.00,0.00,0.00,-1,-5.48e-14,0.00,8.341e-01,1.658e-01,2.052e-05,5.577e-06,5.076e-05,-1.000,1.376e-04,5.167,5.760,5.591,5.323,5.148,5.005,4.687,4.650
0.00015547,-2.00000,10.00000,0.7250341177,2.3893581833,0.725,-0.102,3.7919,4.519,1,0.000,0.536,0.00,0.00,0.00,0.00,0.00,-1,-6.4e-14,0.00,8.406e-01,1.593e-01,1.984e-05,5.412e-06,4.931e-05,-1.000,8.148e-05,5.024,5.595,5.434,5.176,5.007,4.867,4.558,4.524
0.00015547,-2.00000,10.00000,0.7358091474,2.3940039644,0.735,-0.048,3.7966,4.491,1,0.000,0.534,0.00,0.00,0.00,0.00,0.00,-1,-7.41e-14,0.00,8.459e-01,1.540e-01,1.930e-05,5.282e-06,4.817e-05,-1.000,1.043e-04,4.891,5.444,5.289,5.039,4.875,4.740,4.439,4.405
0.00015547,-2.00000,10.00000,0.7459657192,2.3982420776,0.746,0.004,3.8010,4.463,1,0.000,0.532,0.00,0.00,0.00,0.00,0.00,-1,-8.58e-14,0.00,8.505e-01,1.494e-01,1.886e-05,5.177e-06,4.726e-05,-1.000,7.467e-05,4.760,5.297,5.147,4.905,4.745,4.613,4.319,4.287
0.00015547,-2.00000,10.00000,0.7500000000,2.3998889087,0.750,0.025,3.8027,4.450,1,0.000,0.531,0.00,0.00,0.00,0.00,0.00,-1,-9.12e-14,0.00,8.522e-01,1.478e-01,1.870e-05,5.142e-06,4.695e-05,-1.000,6.373e-05,4.706,5.236,5.089,4.849,4.692,4.561,4.270,4.238
0.00015547,-2.00000,10.00000,0.7574196458,2.4028650709,0.757,0.066,3.8061,4.428,1,0.000,0.531,0.00,0.00,0.00,0.00,0.00,-1,-1.02e-13,0.00,8.529e-01,1.471e-01,1.872e-05,5.150e-06,4.704e-05,-1.000,7.635e-05,4.606,5.123,4.980,4.745,4.591,4.463,4.178,4.147
0.00015547,-2.00000,10.00000,0.7659633756,2.4062101204,0.765,0.115,3.8099,4.399,1,0.000,0.530,0.00,0.00,0.00,0.00,0.00,-1,-1.18e-13,0.00,8.536e-01,1.464e-01,1.876e-05,5.162e-06,4.717e-05,-1.000,8.415e-05,4.483,4.985,4.846,4.618,4.469,4.343,4.064,4.035
0.00015547,-2.00000,10.00000,0.7741444707,2.4093337393,0.773,0.165,3.8135,4.368,1,0.000,0.530,0.00,0.00,0.00,0.00,0.00,-1,-1.36e-13,0.00,8.541e-01,1.458e-01,1.880e-05,5.175e-06,4.731e-05,-1.000,1.167e-04,4.358,4.846,4.711,4.489,4.343,4.221,3.948,3.919
0.00015547,-2.00000,10.00000,0.7817934752,2.4121862986,0.781,0.215,3.8169,4.335,1,0.000,0.529,0.00,0.00,0.00,0.00,0.00,-1,-1.57e-13,0.00,8.546e-01,1.453e-01,1.884e-05,5.189e-06,4.745e-05,-1.000,1.321e-04,4.233,4.708,4.576,4.359,4.217,4.097,3.830,3.802
0.00015547,-2.00000,10.00000,0.7910034657,2.4155369529,0.790,0.280,3.8209,4.291,1,0.000,0.529,0.00,0.00,0.00,0.00,0.00,-1,-1.91e-13,0.00,8.550e-01,1.449e-01,1.890e-05,5.209e-06,4.765e-05,-1.000,1.111e-04,4.070,4.529,4.402,4.191,4.052,3.935,3.675,3.649
0.00015547,-2.00000,10.00000,0.7995058894,2.4185515122,0.798,0.346,3.8242,4.242,1,0.000,0.529,0.00,0.00,0.00,0.00,0.00,-1,-2.34e-13,0.00,8.552e-01,1.447e-01,1.897e-05,5.229e-06,4.785e-05,-1.000,7.017e-05,3.904,4.348,4.224,4.018,3.884,3.769,3.515,3.489
0.00015547,-2.00000,10.00000,0.8000000119,2.4187244405,0.799,0.350,3.8244,4.240,1,0.000,0.529,0.00,0.00,0.00,0.00,0.00,-1,-2.37e-13,0.00,8.552e-01,1.447e-01,1.898e-05,5.230e-06,4.786e-05,-1.000,6.817e-05,3.894,4.337,4.214,4.008,3.874,3.759,3.506,3.480
0.00015547,-2.00000,10.00000,0.8010567427,2.4190934417,0.800,0.359,3.8248,4.234,1,0.000,0.529,0.00,0.00,0.00,0.00,0.00,-1,-2.43e-13,0.00,8.552e-01,1.447e-01,1.898e-05,5.232e-06,4.788e-05,-1.000,6.554e-05,3.873,4.314,4.191,3.986,3.852,3.739,3.486,3.460
0.00015547,-2.00000,10.00000,0.8070230484,2.4211559909,0.806,0.409,3.8269,4.195,1,0.000,0.529,0.00,0.00,0.00,0.00,0.00,-1,-2.84e-13,0.00,8.546e-01,1.452e-01,1.905e-05,5.250e-06,4.805e-05,-1.000,1.091e-04,3.747,4.178,4.058,3.856,3.725,3.613,3.364,3.339
0.00015547,-2.00000,10.00000,0.8136357665,2.4234014089,0.812,0.469,3.8285,4.145,1,0.000,0.529,0.00,0.00,0.00,0.00,0.00,-1,-3.44e-13,0.00,8.526e-01,1.473e-01,1.927e-05,5.309e-06,4.858e-05,-1.000,1.176e-04,3.598,4.019,3.901,3.703,3.573,3.462,3.217,3.192
0.00015547,-2.00000,10.00000,0.8149558902,2.4238446557,0.814,0.482,3.8286,4.133,1,0.000,0.529,0.00,0.00,0.00,0.00,0.00,-1,-3.61e-13,0.00,8.522e-01,1.477e-01,1.931e-05,5.321e-06,4.869e-05,-1.000,1.194e-04,3.566,3.986,3.868,3.670,3.540,3.430,3.185,3.160
0.00015547,-2.00000,10.00000,0.8157649636,2.4241154962,0.814,0.490,3.8286,4.125,1,0.000,0.529,0.00,0.00,0.00,0.00,0.00,-1,-3.72e-13,0.00,8.519e-01,1.479e-01,1.934e-05,5.329e-06,4.876e-05,-1.000,1.205e-04,3.544,3.964,3.846,3.648,3.518,3.408,3.163,3.138
0.00015547,-2.00000,10.00000,0.8203254342,2.4256306470,0.819,0.541,3.8275,4.072,1,0.000,0.529,0.00,0.00,0.00,0.00,0.00,-1,-4.4e-13,0.00,8.505e-01,1.494e-01,1.949e-05,5.370e-06,4.913e-05,-1.000,1.264e-04,3.418,3.838,3.719,3.520,3.390,3.280,3.034,3.009
0.00015547,-2.00000,10.00000,0.8246924877,2.4270634901,0.823,0.597,3.8239,4.004,1,0.000,0.529,0.00,0.00,0.00,0.00,0.00,-1,-5.4e-13,0.00,8.492e-01,1.507e-01,1.963e-05,5.409e-06,4.949e-05,-1.000,1.319e-04,3.278,3.705,3.584,3.382,3.249,3.136,2.885,2.859
0.00015547,-2.00000,10.00000,0.8254671693,2.4273158454,0.824,0.608,3.8229,3.990,1,0.000,0.529,0.00,0.00,0.00,0.00,0.00,-1,-5.64e-13,0.00,8.489e-01,1.510e-01,1.966e-05,5.416e-06,4.955e-05,-1.000,1.329e-04,3.251,3.681,3.559,3.355,3.222,3.108,2.856,2.830
0.00015547,-2.00000,10.00000,0.8261401653,2.4275346345,0.825,0.618,3.8217,3.975,2,0.000,0.529,0.00,0.00,0.00,0.00,0.00,-1,-5.89e-13,0.00,8.487e-01,1.512e-01,1.968e-05,5.422e-06,4.960e-05,-1.000,1.338e-04,3.225,3.658,3.535,3.330,3.195,3.081,2.827,2.800
0.00015547,-2.00000,10.00000,0.8283998370,2.4282662575,0.827,0.656,3.8158,3.915,2,0.000,0.529,0.00,0.00,0.00,0.00,0.00,-1,-6.85e-13,0.00,8.480e-01,1.519e-01,1.976e-05,5.442e-06,4.979e-05,-1.000,1.366e-04,3.130,3.579,3.451,3.239,3.100,2.981,2.718,2.690
0.00015547,-2.00000,10.00000,0.8301202059,2.4288201981,0.828,0.690,3.8084,3.852,2,0.000,0.529,0.00,0.00,0.00,0.00,0.00,-1,-7.94e-13,0.00,8.475e-01,1.524e-01,1.981e-05,5.457e-06,4.992e-05,-1.000,1.388e-04,3.046,3.519,3.384,3.162,3.015,2.892,2.617,2.587
0.00015547,-2.00000,10.00000,0.8314615488,2.4292502679,0.830,0.720,3.7996,3.788,2,0.000,0.529,0.00,0.00,0.00,0.00,0.00,-1,-9.16e-13,0.00,8.471e-01,1.528e-01,1.986e-05,5.469e-06,5.003e-05,-1.000,1.406e-04,2.970,3.474,3.330,3.095,2.940,2.810,2.521,2.489
0.00015547,-2.00000,10.00000,0.8325399160,2.4295948654,0.831,0.747,3.7900,3.722,2,0.000,0.529,0.00,0.00,0.00,0.00,0.00,-1,-1.05e-12,0.00,8.467e-01,1.531e-01,1.989e-05,5.479e-06,5.012e-05,-1.000,1.373e-04,2.902,3.443,3.288,3.038,2.872,2.736,2.431,2.396
0.00015547,-2.00000,10.00000,0.8334375024,2.4298809116,0.832,0.772,3.7800,3.657,2,0.000,0.530,0.00,0.00,0.00,0.00,0.00,-1,-1.2e-12,0.00,8.414e-01,1.585e-01,2.044e-05,5.627e-06,5.145e-05,-1.000,1.246e-04,2.839,3.420,3.254,2.988,2.812,2.668,2.347,2.309
0.00015547,-2.00000,10.00000,0.8342190981,2.4301294169,0.832,0.796,3.7705,3.596,2,0.000,0.532,0.00,0.00,0.00,0.00,0.00,-1,-1.36e-12,0.00,8.204e-01,1.794e-01,2.244e-05,6.162e-06,5.623e-05,-1.000,1.167e-04,2.780,3.401,3.221,2.941,2.755,2.604,2.268,2.228
0.00015547,-2.00000,10.00000,0.8349398375,2.4303580991,0.833,0.822,3.7619,3.537,2,0.000,0.534,0.00,0.00,0.00,0.00,0.00,-1,-1.54e-12,0.00,7.974e-01,2.025e-01,2.458e-05,6.736e-06,6.135e-05,-1.000,1.273e-04,2.716,3.375,3.184,2.890,2.695,2.538,2.188,2.145
0.00015547,-2.00000,10.00000,0.8356630802,2.4305871197,0.834,0.855,3.7542,3.472,2,0.000,0.536,0.00,0.00,0.00,0.00,0.00,-1,-1.8e-12,0.00,7.807e-01,2.191e-01,2.612e-05,7.148e-06,6.502e-05,-1.000,1.595e-04,2.632,3.328,3.125,2.818,2.614,2.452,2.089,2.044
0.00015547,-2.00000,10.00000,0.8362284303,2.4307658251,0.834,0.890,3.7490,3.417,2,0.000,0.536,0.00,0.00,0.00,0.00,0.00,-1,-2.07e-12,0.00,7.737e-01,2.262e-01,2.679e-05,7.325e-06,6.661e-05,-1.000,1.637e-04,2.544,3.265,3.055,2.738,2.529,2.363,1.991,1.945
0.00015547,-2.00000,10.00000,0.8367878795,2.4309423919,0.835,0.933,3.7449,3.358,2,0.000,0.537,0.00,0.00,0.00,0.00,0.00,-1,-2.44e-12,0.00,7.694e-01,2.305e-01,2.719e-05,7.432e-06,6.756e-05,-1.000,1.636e-04,2.438,3.180,2.963,2.640,2.426,2.257,1.878,1.831
0.00015547,-2.00000,10.00000,0.8368698359,2.4309682352,0.835,0.940,3.7445,3.349,2,0.000,0.537,0.00,0.00,0.00,0.00,0.00,-1,-2.52e-12,0.00,7.690e-01,2.309e-01,2.722e-05,7.443e-06,6.765e-05,-1.000,1.289e-04,2.419,3.164,2.947,2.622,2.408,2.239,1.859,1.812
0.00015547,-2.00000,10.00000,0.8373202085,2.4311101474,0.835,0.982,3.7421,3.298,3,0.000,0.537,0.00,0.00,0.00,0.00,0.00,-1,-2.93e-12,0.00,7.667e-01,2.332e-01,2.741e-05,7.493e-06,6.811e-05,-1.000,1.602e-04,2.316,3.072,2.851,2.523,2.306,2.135,1.752,1.703
0.00015547,-2.00000,10.00000,0.8378177881,2.4312667305,0.836,1.031,3.7397,3.240,3,0.000,0.537,0.00,0.00,0.00,0.00,0.00,-1,-3.5e-12,0.00,7.644e-01,2.355e-01,2.758e-05,7.539e-06,6.851e-05,-1.000,1.554e-04,2.194,2.962,2.738,2.406,2.186,2.014,1.626,1.577
0.00015547,-2.00000,10.00000,0.8382377028,2.4313987070,0.836,1.075,3.7379,3.189,3,0.000,0.537,0.00,0.00,0.00,0.00,0.00,-1,-4.11e-12,0.00,7.627e-01,2.372e-01,2.770e-05,7.570e-06,6.879e-05,-1.000,1.630e-04,2.083,2.861,2.634,2.299,2.078,1.904,1.514,1.464
0.00015547,-2.00000,10.00000,0.8386421800,2.4315256879,0.836,1.120,3.7362,3.137,3,0.000,0.537,0.00,0.00,0.00,0.00,0.00,-1,-4.84e-12,0.00,7.611e-01,2.387e-01,2.779e-05,7.595e-06,6.902e-05,-1.000,1.637e-04,1.970,2.757,2.528,2.190,1.967,1.792,1.399,1.349
0.00015547,-2.00000,10.00000,0.8390186429,2.4316437475,0.836,1.165,3.7346,3.086,3,0.000,0.537,0.00,0.00,0.00,0.00,0.00,-1,-5.68e-12,0.00,7.596e-01,2.402e-01,2.786e-05,7.617e-06,6.920e-05,-1.000,1.637e-04,1.859,2.653,2.422,2.082,1.857,1.682,1.286,1.235
0.00015547,-2.00000,10.00000,0.8393733501,2.4317548730,0.837,1.210,3.7332,3.036,3,0.000,0.536,0.00,0.00,0.00,0.00,0.00,-1,-6.68e-12,0.00,7.582e-01,2.416e-01,2.790e-05,7.636e-06,6.935e-05,-1.000,1.579e-04,1.746,2.548,2.315,1.972,1.746,1.570,1.172,1.121
0.00015547,-2.00000,10.00000,0.8397282958,2.4318659652,0.837,1.258,3.7317,2.981,3,0.000,0.536,0.00,0.00,0.00,0.00,0.00,-1,-7.95e-12,0.00,7.568e-01,2.430e-01,2.792e-05,7.658e-06,6.948e-05,-1.000,1.252e-04,1.625,2.434,2.199,1.854,1.627,1.449,1.049,0.998
0.00015547,-2.00000,10.00000,0.8400349617,2.4319618597,0.837,1.303,3.7302,2.930,3,0.000,0.535,0.00,0.00,0.00,0.00,0.00,-1,-9.36e-12,0.00,7.556e-01,2.442e-01,2.790e-05,7.686e-06,6.958e-05,-1.000,1.465e-04,1.512,2.328,2.091,1.744,1.515,1.337,0.935,0.882
0.00015547,-2.00000,10.00000,0.8403366208,2.4320561101,0.837,1.351,3.7287,2.876,3,0.000,0.533,0.00,0.00,0.00,0.00,0.00,-1,-1.11e-11,0.00,7.545e-01,2.454e-01,2.785e-05,7.734e-06,6.967e-05,-1.000,1.637e-04,1.392,2.216,1.976,1.627,1.397,1.218,0.813,0.760
0.00015547,-2.00000,10.00000,0.8406104445,2.4321415962,0.837,1.399,3.7272,2.823,3,0.000,0.531,0.00,0.00,0.00,0.00,0.00,-1,-1.32e-11,0.00,7.534e-01,2.464e-01,2.776e-05,7.808e-06,6.973e-05,-1.000,1.636e-04,1.273,2.105,1.864,1.512,1.280,1.100,0.693,0.640
0.00015547,-2.00000,10.00000,0.8408581018,2.4322188581,0.838,1.445,3.7257,2.771,3,0.000,0.529,0.00,0.00,0.00,0.00,0.00,-1,-1.56e-11,0.00,7.526e-01,2.472e-01,2.765e-05,7.906e-06,6.979e-05,-1.000,1.637e-04,1.157,1.998,1.753,1.399,1.166,0.985,0.575,0.522
0.00015547,-2.00000,10.00000,0.8410839438,2.4322892687,0.838,1.491,3.7242,2.719,3,0.000,0.526,0.00,0.00,0.00,0.00,0.00,-1,-1.84e-11,0.00,7.519e-01,2.480e-01,2.753e-05,8.021e-06,6.983e-05,-1.000,1.636e-04,1.042,1.891,1.644,1.288,1.053,0.871,0.459,0.405
0.00015547,-2.00000,10.00000,0.8412972093,2.4323557184,0.838,1.539,3.7227,2.665,3,0.000,0.524,0.00,0.00,0.00,0.00,0.00,-1,-2.18e-11,0.00,7.513e-01,2.486e-01,2.741e-05,8.144e-06,6.987e-05,-1.000,1.636e-04,0.923,1.780,1.532,1.173,0.937,0.754,0.339,0.285
0.00015547,-2.00000,10.00000,0.8414878249,2.4324150781,0.838,1.585,3.7211,2.613,3,0.000,0.522,0.00,0.00,0.00,0.00,0.00,-1,-2.58e-11,0.00,7.508e-01,2.490e-01,2.730e-05,8.262e-06,6.989e-05,-1.000,1.637e-04,0.808,1.674,1.423,1.061,0.823,0.639,0.222,0.167
0.00015547,-2.00000,10.00000,0.8416587114,2.4324682676,0.838,1.630,3.7195,2.561,3,0.000,0.520,0.00,0.00,0.00,0.00,0.00,-1,-3.03e-11,0.00,7.505e-01,2.494e-01,2.722e-05,8.350e-06,6.991e-05,-1.000,1.637e-04,0.696,1.570,1.317,0.953,0.713,0.528,0.109,0.053
0.00015547,-2.00000,10.00000,0.8418188095,2.4325180766,0.838,1.676,3.7179,2.509,3,0.000,0.519,0.00,0.00,0.00,0.00,0.00,-1,-3.58e-11,0.00,7.502e-01,2.496e-01,2.716e-05,8.414e-06,6.992e-05,-1.000,1.637e-04,0.581,1.465,1.209,0.842,0.601,0.415,-0.007,-0.063
0.00015547,-2.00000,10.00000,0.8419610262,2.4325623042,0.838,1.720,3.7164,2.459,3,0.000,0.518,0.00,0.00,0.00,0.00,0.00,-1,-4.21e-11,0.00,7.501e-01,2.497e-01,2.713e-05,8.453e-06,6.993e-05,-1.000,1.637e-04,0.470,1.364,1.105,0.735,0.492,0.305,-0.120,-0.176
0.00015547,-2.00000,10.00000,0.8420938253,2.4326035875,0.837,1.765,3.7147,2.407,3,0.000,0.518,0.00,0.00,0.00,0.00,0.00,-1,-4.95e-11,0.00,7.500e-01,2.498e-01,2.711e-05,8.475e-06,6.993e-05,-1.000,1.637e-04,0.358,1.262,1.000,0.627,0.382,0.194,-0.234,-0.291
0.00015547,-2.00000,10.00000,0.8422172666,2.4326419483,0.837,1.810,3.7131,2.355,3,0.000,0.518,0.00,0.00,0.00,0.00,0.00,-1,-5.84e-11,0.00,7.500e-01,2.498e-01,2.711e-05,8.482e-06,6.993e-05,-1.000,1.637e-04,0.244,1.159,0.893,0.517,0.270,0.081,-0.350,-0.407
0.00015547,-2.00000,10.00000,0.8423305154,2.4326771303,0.837,1.856,3.7114,2.303,3,0.000,0.518,0.00,0.00,0.00,0.00,0.00,-1,-6.88e-11,0.00,7.500e-01,2.498e-01,2.711e-05,8.484e-06,6.994e-05,-1.000,1.636e-04,0.130,1.057,0.788,0.408,0.159,-0.032,-0.465,-0.523
0.00015547,-2.00000,10.00000,0.8424334526,2.4327090995,0.837,1.900,3.7097,2.251,3,0.000,0.518,0.00,0.00,0.00,0.00,0.00,-1,-8.1e-11,0.00,7.500e-01,2.498e-01,2.710e-05,8.485e-06,6.994e-05,-1.000,1.637e-04,0.019,0.957,0.685,0.301,0.050,-0.142,-0.578,-0.637
0.00015547,-2.00000,10.00000,0.8425297141,2.4327389873,0.837,1.946,3.7080,2.199,3,0.000,0.517,0.00,0.00,0.00,0.00,0.00,-1,-9.54e-11,0.00,7.500e-01,2.498e-01,2.710e-05,8.487e-06,6.994e-05,-1.000,1.637e-04,-0.094,0.857,0.581,0.193,-0.060,-0.253,-0.693,-0.752
0.00015547,-2.00000,10.00000,0.8426175714,2.4327662588,0.836,1.990,3.7063,2.147,3,0.000,0.517,0.00,0.00,0.00,0.00,0.00,-1,-1.12e-10,0.00,7.500e-01,2.498e-01,2.710e-05,8.488e-06,6.994e-05,-1.000,1.636e-04,-0.206,0.758,0.478,0.087,-0.168,-0.363,-0.806,-0.865
0.00015547,-2.00000,10.00000,0.8426954746,2.4327904350,0.836,2.033,3.7045,2.097,3,0.000,0.517,0.00,0.00,0.00,0.00,0.00,-1,-1.31e-10,0.00,7.500e-01,2.498e-01,2.710e-05,8.489e-06,6.994e-05,-1.000,1.637e-04,-0.313,0.664,0.380,-0.015,-0.273,-0.469,-0.915,-0.975
0.00015547,-2.00000,10.00000,0.8427672386,2.4328127015,0.836,2.076,3.7028,2.047,3,0.000,0.517,0.00,0.00,0.00,0.00,0.00,-1,-1.53e-10,0.00,7.500e-01,2.498e-01,2.710e-05,8.490e-06,6.994e-05,-1.000,1.636e-04,-0.420,0.570,0.282,-0.116,-0.376,-0.574,-1.023,-1.083
0.00015547,-2.00000,10.00000,0.8428345919,2.4328335955,0.835,2.119,3.7011,1.997,3,0.000,0.517,0.00,0.00,0.00,0.00,0.00,-1,-1.79e-10,0.00,7.500e-01,2.498e-01,2.710e-05,8.491e-06,6.994e-05,-1.000,1.637e-04,-0.527,0.476,0.184,-0.219,-0.481,-0.679,-1.131,-1.193
0.00015547,-2.00000,10.00000,0.8428950906,2.4328523598,0.835,2.160,3.6993,1.949,3,0.000,0.517,0.00,0.00,0.00,0.00,0.00,-1,-2.09e-10,0.00,7.500e-01,2.499e-01,2.710e-05,8.492e-06,6.994e-05,-1.000,1.637e-04,-0.631,0.387,0.091,-0.316,-0.581,-0.781,-1.237,-1.299
0.00015547,-2.00000,10.00000,0.8429557085,2.4328711580,0.834,2.203,3.6976,1.898,3,0.000,0.517,0.00,0.00,0.00,0.00,0.00,-1,-2.45e-10,0.00,7.500e-01,2.499e-01,2.710e-05,8.493e-06,6.994e-05,-1.000,1.637e-04,-0.738,0.294,-0.006,-0.418,-0.685,-0.887,-1.346,-1.408
0.00015547,-2.00000,10.00000,0.8430193663,2.4328908955,0.834,2.241,3.6961,1.854,3,0.000,0.517,0.00,0.00,0.00,0.00,0.00,-1,-2.81e-10,0.00,7.500e-01,2.499e-01,2.710e-05,8.494e-06,6.994e-05,-1.000,1.637e-04,-0.832,0.214,-0.091,-0.506,-0.776,-0.979,-1.441,-1.504
0.00015547,-2.00000,10.00000,0.8430525661,2.4329011879,0.833,2.255,3.6955,1.838,3,0.000,0.517,0.00,0.00,0.00,0.00,0.00,-1,-2.98e-10,0.00,7.500e-01,2.499e-01,2.710e-05,8.495e-06,6.994e-05,-1.000,1.637e-04,-0.868,0.183,-0.123,-0.540,-0.810,-1.014,-1.477,-1.540
0.00015547,-2.00000,10.00000,0.8430925012,2.4329135672,0.833,2.242,3.6964,1.855,3,0.000,0.517,0.00,0.00,0.00,0.00,0.00,-1,-2.85e-10,0.00,7.500e-01,2.499e-01,2.710e-05,8.495e-06,6.994e-05,-1.000,1.637e-04,-0.834,0.209,-0.095,-0.510,-0.779,-0.981,-1.443,-1.506
0.00015547,-2.00000,10.00000,0.8431000710,2.4329159136,0.833,2.249,3.6961,1.846,3,0.000,0.517,0.00,0.00,0.00,0.00,0.00,-1,-2.92e-10,0.00,7.500e-01,2.499e-01,2.710e-05,8.495e-06,6.994e-05,-1.000,1.636e-04,-0.852,0.194,-0.111,-0.526,-0.796,-0.999,-1.461,-1.524
0.00015547,-2.00000,10.00000,0.8431422114,2.4329289747,0.832,2.290,3.6942,1.797,3,0.000,0.517,0.00,0.00,0.00,0.00,0.00,-1,-3.36e-10,0.00,7.500e-01,2.499e-01,2.710e-05,8.496e-06,6.994e-05,-1.000,1.636e-04,-0.955,0.108,-0.202,-0.622,-0.894,-1.099,-1.565,-1.629
0.00015547,-2.00000,10.00000,0.8431847095,2.4329421452,0.832,2.333,3.6924,1.746,3,0.000,0.517,0.00,0.00,0.00,0.00,0.00,-1,-3.94e-10,0.00,7.500e-01,2.499e-01,2.710e-05,8.497e-06,6.994e-05,-1.000,1.637e-04,-1.064,0.016,-0.299,-0.725,-0.999,-1.206,-1.675,-1.739
0.00015547,-2.00000,10.00000,0.8432208300,2.4329533381,0.831,2.373,3.6906,1.699,3,0.000,0.517,0.00,0.00,0.00,0.00,0.00,-1,-4.55e-10,0.00,7.500e-01,2.499e-01,2.710e-05,8.497e-06,6.994e-05,-1.000,1.637e-04,-1.162,-0.066,-0.386,-0.816,-1.093,-1.302,-1.774,-1.839
0.00015547,-2.00000,10.00000,0.8432564139,2.4329643635,0.830,2.414,3.6887,1.650,3,0.000,0.517,0.00,0.00,0.00,0.00,0.00,-1,-5.3e-10,0.00,7.500e-01,2.499e-01,2.709e-05,8.498e-06,6.994e-05,-1.000,1.636e-04,-1.265,-0.150,-0.476,-0.911,-1.192,-1.401,-1.878,-1.944
0.00015547,-2.00000,10.00000,0.8432895541,2.4329746309,0.830,2.455,3.6868,1.601,3,0.000,0.517,0.00,0.00,0.00,0.00,0.00,-1,-6.17e-10,0.00,7.500e-01,2.499e-01,2.709e-05,8.498e-06,6.994e-05,-1.000,1.637e-04,-1.368,-0.234,-0.565,-1.006,-1.290,-1.501,-1.982,-2.048
0.00015547,-2.00000,10.00000,0.8433185816,2.4329836233,0.829,2.494,3.6850,1.555,3,0.000,0.517,0.00,0.00,0.00,0.00,0.00,-1,-7.11e-10,0.00,7.500e-01,2.499e-01,2.709e-05,8.499e-06,6.995e-05,-1.000,1.637e-04,-1.464,-0.310,-0.648,-1.095,-1.382,-1.595,-2.079,-2.147
0.00015547,-2.00000,10.00000,0.8433473110,2.4329925226,0.828,2.535,3.6831,1.506,3,0.000,0.517,6.70,5.33,3.79,2.93,2.37,3,-8.27e-10,0.00,7.500e-01,2.499e-01,2.709e-05,8.499e-06,6.995e-05,-1.000,1.637e-04,-1.566,-0.387,-0.734,-1.190,-1.481,-1.696,-2.184,-2.252
0.00015547,-2.00000,10.00000,0.8433728814,2.4330004429,0.827,2.573,3.6813,1.459,3,0.000,0.517,7.39,5.80,4.11,3.17,2.57,3,-9.55e-10,0.00,7.499e-01,2.499e-01,2.709e-05,8.499e-06,6.995e-05,-1.000,1.637e-04,-1.663,-0.456,-0.814,-1.279,-1.574,-1.792,-2.284,-2.352
0.00015547,-2.00000,10.00000,0.8433966637,2.4330078087,0.826,2.612,3.6794,1.413,3,0.000,0.517,8.15,6.30,4.45,3.44,2.79,3,-1.1e-09,0.00,7.499e-01,2.499e-01,2.709e-05,8.500e-06,6.995e-05,-1.000,1.637e-04,-1.760,-0.521,-0.891,-1.366,-1.665,-1.886,-2.383,-2.452
0.00015547,-2.00000,10.00000,0.8434193134,2.4330148234,0.825,2.651,3.6775,1.365,3,0.000,0.517,9.01,6.87,4.83,3.74,3.03,3,-1.27e-09,0.00,7.499e-01,2.499e-01,2.709e-05,8.500e-06,6.995e-05,-1.000,1.637e-04,-1.858,-0.585,-0.967,-1.453,-1.758,-1.982,-2.484,-2.553
0.00015547,-2.00000,10.00000,0.8434437513,2.4330223913,0.824,2.696,3.6752,1.310,3,0.000,0.517,10.11,7.58,5.31,4.12,3.34,3,-1.51e-09,0.00,7.499e-01,2.499e-01,2.709e-05,8.501e-06,6.995e-05,-1.000,1.637e-04,-1.971,-0.655,-1.053,-1.553,-1.864,-2.092,-2.600,-2.671
0.00015547,-2.00000,10.00000,0.8434633613,2.4330284638,0.823,2.736,3.6732,1.262,3,0.000,0.517,11.18,8.26,5.77,4.48,3.63,3,-1.74e-09,0.00,7.499e-01,2.499e-01,2.709e-05,8.501e-06,6.995e-05,-1.000,1.637e-04,-2.069,-0.713,-1.126,-1.639,-1.956,-2.187,-2.701,-2.772
0.00015547,-2.00000,10.00000,0.8434836268,2.4330347390,0.821,2.779,3.6709,1.209,3,0.000,0.517,12.51,9.10,6.32,4.92,3.98,3,-2.05e-09,0.00,7.499e-01,2.499e-01,2.709e-05,8.501e-06,6.995e-05,-1.000,1.637e-04,-2.178,-0.771,-1.202,-1.731,-2.056,-2.292,-2.812,-2.885
0.00015547,-2.00000,10.00000,0.8435003161,2.4330399065,0.820,2.817,3.6690,1.162,3,0.000,0.517,13.81,9.90,6.85,5.33,4.32,2,-2.37e-09,0.00,7.499e-01,2.499e-01,2.709e-05,8.501e-06,6.995e-05,-1.000,1.636e-04,-2.274,-0.821,-1.269,-1.812,-2.144,-2.384,-2.910,-2.984
0.00015547,-2.00000,10.00000,0.8435173035,2.4330451660,0.818,2.859,3.6667,1.110,3,0.000,0.517,15.40,10.86,7.49,5.84,4.73,2,-2.77e-09,0.00,7.499e-01,2.499e-01,2.709e-05,8.502e-06,6.995e-05,-1.000,1.637e-04,-2.377,-0.868,-1.336,-1.897,-2.238,-2.482,-3.016,-3.091
0.00015547,-2.00000,10.00000,0.8435314894,2.4330495580,0.816,2.896,3.6647,1.065,3,0.000,0.517,16.94,11.79,8.09,6.32,5.12,2,-3.18e-09,0.00,7.499e-01,2.499e-01,2.709e-05,8.502e-06,6.995e-05,-1.000,1.636e-04,-2.470,-0.909,-1.396,-1.972,-2.321,-2.570,-3.111,-3.186
0.00015547,-2.00000,10.00000,0.8435462713,2.4330541344,0.814,2.937,3.6625,1.013,3,0.000,0.517,18.88,12.93,8.84,6.91,5.61,2,-3.72e-09,0.00,7.499e-01,2.499e-01,2.709e-05,8.502e-06,6.995e-05,-1.000,1.636e-04,-2.573,-0.948,-1.458,-2.054,-2.412,-2.667,-3.216,-3.293
0.00015547,-2.00000,10.00000,0.8435613513,2.4330588028,0.812,2.982,3.6600,0.957,3,0.000,0.517,21.24,14.30,9.73,7.62,6.18,2,-4.4e-09,0.00,7.499e-01,2.499e-01,2.709e-05,8.502e-06,6.995e-05,-1.000,1.637e-04,-2.685,-0.978,-1.517,-2.138,-2.509,-2.771,-3.331,-3.409
0.00015547,-2.00000,10.00000,0.8435735703,2.4330625854,0.809,3.021,3.6577,0.908,3,0.000,0.517,23.55,15.62,10.59,8.30,6.74,2,-5.11e-09,0.00,7.499e-01,2.499e-01,2.709e-05,8.503e-06,6.995e-05,-1.000,1.637e-04,-2.783,-0.997,-1.563,-2.206,-2.591,-2.858,-3.429,-3.508
0.00015547,-2.00000,10.00000,0.8435840607,2.4330658328,0.807,3.056,3.6557,0.863,3,0.000,0.517,25.86,16.92,11.42,8.97,7.28,1,-5.84e-09,0.00,7.499e-01,2.499e-01,2.709e-05,8.503e-06,6.995e-05,-1.000,1.637e-04,-2.871,-1.032,-1.614,-2.271,-2.664,-2.936,-3.516,-3.596
0.00015547,-2.00000,10.00000,0.8435948491,2.4330691723,0.804,3.095,3.6534,0.814,3,0.000,0.517,28.66,18.47,12.42,9.77,7.93,1,-6.76e-09,0.00,7.499e-01,2.499e-01,2.709e-05,8.503e-06,6.995e-05,-1.000,1.636e-04,-2.967,-1.067,-1.668,-2.341,-2.744,-3.020,-3.610,-3.692
0.00015547,-2.00000,10.00000,0.8436059356,2.4330726040,0.801,3.137,3.6509,0.761,3,0.000,0.517,32.09,20.34,13.62,10.73,8.71,1,-7.93e-09,0.00,7.499e-01,2.499e-01,2.709e-05,8.503e-06,6.995e-05,-1.000,1.636e-04,-3.072,-1.105,-1.726,-2.416,-2.831,-3.112,-3.712,-3.796
0.00015547,-2.00000,10.00000,0.8436151743,2.4330754637,0.798,3.174,3.6487,0.713,3,0.000,0.517,35.46,22.14,14.77,11.65,9.46,1,-9.14e-09,0.00,7.499e-01,2.499e-01,2.709e-05,8.503e-06,6.995e-05,-1.000,1.637e-04,-3.164,-1.138,-1.777,-2.482,-2.906,-3.193,-3.802,-3.887
0.00015547,-2.00000,10.00000,0.8436245918,2.4330783786,0.794,3.213,3.6463,0.662,3,0.000,0.517,39.44,24.24,16.10,12.72,10.33,1,-1.06e-08,0.00,7.499e-01,2.499e-01,2.709e-05,8.503e-06,6.995e-05,-1.000,1.636e-04,-3.262,-1.171,-1.829,-2.551,-2.986,-3.277,-3.897,-3.983
0.00015547,-2.00000,10.00000,0.8436332345,2.4330810536,0.790,3.249,3.6442,0.615,3,0.000,0.517,43.51,26.35,17.43,13.79,11.20,1,-1.23e-08,0.00,7.499e-01,2.499e-01,2.709e-05,8.503e-06,6.995e-05,-1.000,1.636e-04,-3.353,-1.201,-1.877,-2.614,-3.059,-3.354,-3.984,-4.071
0.00015547,-2.00000,10.00000,0.8436356783,2.4330818100,0.789,3.258,3.6437,0.603,3,0.000,0.517,44.61,26.91,17.79,14.08,11.43,1,-1.28e-08,0.00,7.499e-01,2.499e-01,2.709e-05,8.503e-06,6.995e-05,-1.000,1.637e-04,-3.375,-1.208,-1.889,-2.629,-3.077,-3.374,-4.006,-4.094
0.00015547,-2.00000,10.00000,0.8436356783,2.4330818100,0.788,1.716,3.8352,2.911,4,0.000,0.531,0.00,0.00,0.00,0.00,0.00,-1,-1e-30,0.00,7.542e-01,2.457e-01,2.759e-05,7.774e-06,6.934e-05,-1.000,1.637e-04,0.479,0.755,0.659,0.496,0.389,0.296,0.088,0.063
0.00015547,-2.00000,10.00000,0.8436669707,2.4330914949,0.788,1.737,3.8244,2.847,4,0.000,0.531,0.00,0.00,0.00,0.00,0.00,-1,-1e-30,0.00,7.542e-01,2.457e-01,2.759e-05,7.774e-06,6.934e-05,-1.000,1.636e-04,0.427,0.743,0.637,0.459,0.340,0.239,0.010,-0.017
0.00015547,-2.00000,10.00000,0.8437228799,2.4331087965,0.789,1.741,3.8233,2.839,4,0.000,0.531,0.00,0.00,0.00,0.00,0.00,-1,-1e-30,0.00,7.542e-01,2.457e-01,2.759e-05,7.774e-06,6.934e-05,-1.000,1.637e-04,0.417,0.738,0.631,0.451,0.331,0.228,-0.002,-0.029
0.00015547,-2.00000,10.00000,0.8437768221,2.4331254869,0.789,1.742,3.8238,2.841,4,0.000,0.531,0.00,0.00,0.00,0.00,0.00,-1,-1e-30,0.00,7.542e-01,2.457e-01,2.759e-05,7.775e-06,6.934e-05,-1.000,1.637e-04,0.416,0.733,0.627,0.448,0.329,0.227,-0.002,-0.030
0.00015547,-2.00000,10.00000,0.8438317776,2.4331424883,0.789,1.742,3.8247,2.844,4,0.000,0.531,0.00,0.00,0.00,0.00,0.00,-1,-1e-30,0.00,7.542e-01,2.457e-01,2.759e-05,7.775e-06,6.934e-05,-1.000,1.636e-04,0.415,0.729,0.623,0.446,0.328,0.226,-0.001,-0.029
0.00015547,-2.00000,10.00000,0.8438888192,2.4331601324,0.789,1.742,3.8258,2.848,4,0.000,0.531,0.00,0.00,0.00,0.00,0.00,-1,-1e-30,0.00,7.542e-01,2.457e-01,2.759e-05,7.775e-06,6.934e-05,-1.000,1.637e-04,0.414,0.723,0.619,0.443,0.326,0.226,0.000,-0.027
0.00015547,-2.00000,10.00000,0.8439427614,2.4331768153,0.789,1.743,3.8270,2.852,4,0.000,0.531,0.00,0.00,0.00,0.00,0.00,-1,-1e-30,0.00,7.541e-01,2.457e-01,2.759e-05,7.776e-06,6.934e-05,-1.000,1.637e-04,0.413,0.718,0.615,0.441,0.325,0.226,0.002,-0.024
0.00015547,-2.00000,10.00000,0.8439994454,2.4331943434,0.789,1.743,3.8284,2.858,4,0.000,0.531,0.00,0.00,0.00,0.00,0.00,-1,-1e-30,0.00,7.541e-01,2.457e-01,2.759e-05,7.776e-06,6.934e-05,-1.000,1.636e-04,0.413,0.713,0.611,0.439,0.325,0.226,0.005,-0.021
0.00015547,-2.00000,10.00000,0.8440556526,2.4332117215,0.789,1.743,3.8298,2.864,4,0.000,0.531,0.00,0.00,0.00,0.00,0.00,-1,-1e-30,0.00,7.541e-01,2.457e-01,2.759e-05,7.776e-06,6.935e-05,-1.000,1.637e-04,0.414,0.707,0.607,0.437,0.324,0.227,0.009,-0.017
0.00015547,-2.00000,10.00000,0.8441121578,2.4332291890,0.789,1.743,3.8312,2.869,4,0.000,0.531,0.00,0.00,0.00,0.00,0.00,-1,-1e-30,0.00,7.541e-01,2.457e-01,2.759e-05,7.776e-06,6.935e-05,-1.000,1.636e-04,0.414,0.702,0.603,0.435,0.324,0.228,0.012,-0.014
0.00015547,-2.00000,10.00000,0.8441652656,2.4332456038,0.789,1.743,3.8323,2.874,4,0.000,0.531,0.00,0.00,0.00,0.00,0.00,-1,-1e-30,0.00,7.541e-01,2.457e-01,2.759e-05,7.777e-06,6.935e-05,-1.000,1.637e-04,0.414,0.698,0.600,0.433,0.323,0.228,0.015,-0.011
0.00015547,-2.00000,10.00000,0.8442234993,2.4332636003,0.789,1.743,3.8332,2.877,4,0.000,0.531,0.00,0.00,0.00,0.00,0.00,-1,-1e-30,0.00,7.541e-01,2.457e-01,2.759e-05,7.777e-06,6.935e-05,-1.000,1.636e-04,0.413,0.694,0.597,0.432,0.323,0.228,0.017,-0.009
0.00015547,-2.00000,10.00000,0.8442803025,2.4332811519,0.789,1.743,3.8338,2.879,4,0.000,0.531,0.00,0.00,0.00,0.00,0.00,-1,-1e-30,0.00,7.541e-01,2.457e-01,2.759e-05,7.777e-06,6.935e-05,-1.000,1.637e-04,0.413,0.691,0.594,0.430,0.322,0.228,0.017,-0.008
0.00015547,-2.00000,10.00000,0.8443377614,2.4332989033,0.789,1.743,3.8339,2.879,4,0.000,0.531,0.00,0.00,0.00,0.00,0.00,-1,-1e-30,0.00,7.541e-01,2.457e-01,2.759e-05,7.778e-06,6.935e-05,-1.000,1.637e-04,0.411,0.689,0.593,0.429,0.321,0.227,0.017,-0.009
0.00015547,-2.00000,10.00000,0.8443963528,2.4333170018,0.789,1.744,3.8336,2.877,4,0.000,0.531,0.00,0.00,0.00,0.00,0.00,-1,-1e-30,0.00,7.541e-01,2.457e-01,2.759e-05,7.778e-06,6.935e-05,-1.000,1.636e-04,0.409,0.688,0.592,0.427,0.319,0.225,0.014,-0.012
0.00015547,-2.00000,10.00000,0.8444199562,2.4333242919,0.789,1.745,3.8333,2.876,4,0.000,0.531,0.00,0.00,0.00,0.00,0.00,-1,-1e-30,0.00,7.541e-01,2.457e-01,2.759e-05,7.778e-06,6.935e-05,-1.000,1.636e-04,0.409,0.688,0.592,0.427,0.318,0.224,0.012,-0.013
0.00015547,-2.00000,10.00000,0.8444519043,2.4333341586,0.789,1.745,3.8326,2.873,4,0.000,0.531,0.00,0.00,0.00,0.00,0.00,-1,-1e-30,0.00,7.541e-01,2.457e-01,2.759e-05,7.778e-06,6.935e-05,-1.000,1.636e-04,0.407,0.689,0.592,0.426,0.317,0.222,0.009,-0.016
0.00015547,-2.00000,10.00000,0.8445116282,2.4333526011,0.789,1.747,3.8310,2.865,4,0.000,0.531,0.00,0.00,0.00,0.00,0.00,-1,-1e-30,0.00,7.541e-01,2.457e-01,2.759e-05,7.778e-06,6.935e-05,-1.000,1.637e-04,0.404,0.692,0.593,0.425,0.314,0.217,0.002,-0.024
0.00015547,-2.00000,10.00000,0.8445661068,2.4333694213,0.789,1.748,3.8289,2.855,4,0.000,0.531,0.00,0.00,0.00,0.00,0.00,-1,-1e-30,0.00,7.541e-01,2.457e-01,2.759e-05,7.779e-06,6.935e-05,-1.000,1.636e-04,0.400,0.697,0.595,0.424,0.311,0.212,-0.007,-0.034
0.00015547,-2.00000,10.00000,0.8446218967,2.4333866437,0.790,1.750,3.8261,2.842,4,0.000,0.531,0.00,0.00,0.00,0.00,0.00,-1,-1e-30,0.00,7.541e-01,2.457e-01,2.759e-05,7.779e-06,6.935e-05,-1.000,1.637e-04,0.395,0.703,0.599,0.423,0.307,0.207,-0.018,-0.045
0.00015547,-2.00000,10.00000,0.8446812034,2.4334049489,0.790,1.752,3.8224,2.825,4,0.000,0.531,0.00,0.00,0.00,0.00,0.00,-1,-1e-30,0.00,7.541e-01,2.458e-01,2.759e-05,7.779e-06,6.935e-05,-1.000,1.637e-04,0.389,0.711,0.604,0.423,0.302,0.199,-0.032,-0.060
0.00015547,-2.00000,10.00000,0.8447403312,2.4334231960,0.790,1.755,3.8181,2.805,4,0.000,0.531,0.00,0.00,0.00,0.00,0.00,-1,-1e-30,0.00,7.541e-01,2.458e-01,2.759e-05,7.780e-06,6.936e-05,-1.000,1.637e-04,0.382,0.722,0.610,0.422,0.297,0.191,-0.049,-0.077
0.00015547,-2.00000,10.00000,0.8447979689,2.4334409804,0.790,1.758,3.8133,2.782,4,0.000,0.531,0.00,0.00,0.00,0.00,0.00,-1,-1e-30,0.00,7.541e-01,2.458e-01,2.759e-05,7.780e-06,6.936e-05,-1.000,1.637e-04,0.374,0.733,0.617,0.422,0.292,0.181,-0.067,-0.097
0.00015547,-2.00000,10.00000,0.8448310494,2.4334511863,0.790,1.760,3.8104,2.769,4,0.000,0.531,0.00,0.00,0.00,0.00,0.00,-1,-1e-30,0.00,7.541e-01,2.458e-01,2.759e-05,7.780e-06,6.936e-05,-1.000,1.637e-04,0.369,0.741,0.622,0.422,0.289,0.176,-0.078,-0.109
0.00015547,-2.00000,10.00000,0.8448843956,2.4334676425,0.790,1.764,3.8054,2.745,4,0.000,0.531,0.00,0.00,0.00,0.00,0.00,-1,-1e-30,0.00,7.541e-01,2.458e-01,2.759e-05,7.780e-06,6.936e-05,-1.000,1.637e-04,0.360,0.756,0.631,0.422,0.283,0.166,-0.097,-0.128
0.00015547,-2.00000,10.00000,0.8449409008,2.4334850707,0.790,1.768,3.8001,2.720,4,0.000,0.531,0.00,0.00,0.00,0.00,0.00,-1,-1e-30,0.00,7.541e-01,2.458e-01,2.759e-05,7.781e-06,6.936e-05,-1.000,1.636e-04,0.350,0.771,0.639,0.422,0.277,0.156,-0.117,-0.150
0.00015547,-2.00000,10.00000,0.8449967504,2.4335022939,0.790,1.772,3.7949,2.695,4,0.000,0.531,0.00,0.00,0.00,0.00,0.00,-1,-1e-30,0.00,7.541e-01,2.458e-01,2.759e-05,7.781e-06,6.936e-05,-1.000,1.637e-04,0.340,0.786,0.648,0.422,0.271,0.145,-0.138,-0.172
0.00015547,-2.00000,10.00000,0.8450539112,2.4335199189,0.790,1.777,3.7892,2.667,4,0.000,0.531,0.00,0.00,0.00,0.00,0.00,-1,-1e-30,0.00,7.541e-01,2.458e-01,2.759e-05,7.781e-06,6.936e-05,-1.000,1.637e-04,0.327,0.801,0.656,0.421,0.263,0.133,-0.160,-0.196
0.00015547,-2.00000,10.00000,0.8451083899,2.4335367143,0.790,1.782,3.7840,2.641,4,0.000,0.531,0.00,0.00,0.00,0.00,0.00,-1,-1e-30,0.00,7.540e-01,2.458e-01,2.759e-05,7.781e-06,6.936e-05,-1.000,1.636e-04,0.315,0.815,0.663,0.419,0.255,0.120,-0.182,-0.219
0.00015547,-2.00000,10.00000,0.8451628685,2.4335535072,0.790,1.787,3.7794,2.618,4,0.000,0.531,0.00,0.00,0.00,0.00,0.00,-1,-1e-30,0.00,7.540e-01,2.458e-01,2.759e-05,7.782e-06,6.936e-05,-1.000,1.637e-04,0.302,0.825,0.668,0.416,0.247,0.109,-0.202,-0.240
0.00015547,-2.00000,10.00000,0.8452166915,2.4335700955,0.790,1.793,3.7750,2.595,4,0.000,0.531,0.00,0.00,0.00,0.00,0.00,-1,-1e-30,0.00,7.540e-01,2.458e-01,2.759e-05,7.782e-06,6.936e-05,-1.000,1.636e-04,0.287,0.833,0.669,0.410,0.236,0.095,-0.224,-0.263
0.00015547,-2.00000,10.00000,0.8452712297,2.4335869018,0.790,1.800,3.7710,2.572,4,0.000,0.531,0.00,0.00,0.00,0.00,0.00,-1,-1e-30,0.00,7.540e-01,2.458e-01,2.759e-05,7.782e-06,6.936e-05,-1.000,1.637e-04,0.271,0.837,0.668,0.402,0.224,0.079,-0.247,-0.287
0.00015547,-2.00000,10.00000,0.8453255296,2.4336036321,0.790,1.807,3.7674,2.551,4,0.000,0.531,0.00,0.00,0.00,0.00,0.00,-1,-1e-30,0.00,7.540e-01,2.458e-01,2.759e-05,7.783e-06,6.936e-05,-1.000,1.636e-04,0.253,0.838,0.665,0.392,0.210,0.062,-0.270,-0.311
0.00015547,-2.00000,10.00000,0.8453610539,2.4336145762,0.790,1.805,3.7678,2.554,4,0.000,0.531,0.00,0.00,0.00,0.00,0.00,-1,-1e-30,0.00,7.540e-01,2.458e-01,2.759e-05,7.783e-06,6.936e-05,-1.000,1.636e-04,0.257,0.839,0.667,0.395,0.213,0.066,-0.266,-0.307
0.00015547,-2.00000,10.00000,0.8454145789,2.4336310638,0.790,1.816,3.7631,2.524,4,0.000,0.531,0.00,0.00,0.00,0.00,0.00,-1,-1e-30,0.00,7.540e-01,2.458e-01,2.759e-05,7.783e-06,6.936e-05,-1.000,1.637e-04,0.229,0.837,0.658,0.378,0.191,0.040,-0.301,-0.343
0.00015547,-2.00000,10.00000,0.8454698920,2.4336480997,0.790,1.832,3.7577,2.487,4,0.000,0.531,0.00,0.00,0.00,0.00,0.00,-1,-1e-30,0.00,7.540e-01,2.458e-01,2.759e-05,7.783e-06,6.937e-05,-1.000,1.637e-04,0.190,0.827,0.640,0.351,0.158,0.002,-0.348,-0.392
0.00015547,-2.00000,10.00000,0.8455239534,2.4336647476,0.791,1.858,3.7507,2.433,4,0.000,0.531,0.00,0.00,0.00,0.00,0.00,-1,-1e-30,0.00,7.540e-01,2.458e-01,2.759e-05,7.784e-06,6.937e-05,-1.000,1.637e-04,0.125,0.800,0.602,0.301,0.100,-0.061,-0.423,-0.469
0.00015547,-2.00000,10.00000,0.8455566764,2.4336748233,0.791,1.888,3.7438,2.375,4,0.000,0.531,0.00,0.00,0.00,0.00,0.00,-1,-1e-30,0.00,7.540e-01,2.458e-01,2.759e-05,7.784e-06,6.937e-05,-1.000,1.637e-04,0.049,0.762,0.554,0.240,0.031,-0.134,-0.509,-0.556
0.00015547,-2.00000,10.00000,0.8455730081,2.4336798516,0.791,1.922,3.7374,2.316,4,0.000,0.531,0.00,0.00,0.00,0.00,0.00,-1,-1e-30,0.00,7.540e-01,2.458e-01,2.759e-05,7.784e-06,6.937e-05,-1.000,1.636e-04,-0.034,0.716,0.498,0.172,-0.044,-0.214,-0.600,-0.650
0.00015547,-2.00000,10.00000,0.8455799818,2.4336819987,0.791,1.955,3.7318,2.261,4,0.000,0.531,0.00,0.00,0.00,0.00,0.00,-1,-1e-30,0.00,7.540e-01,2.458e-01,2.759e-05,7.784e-06,6.937e-05,-1.000,1.636e-04,-0.117,0.666,0.439,0.102,-0.120,-0.295,-0.690,-0.742
0.00015547,-2.00000,10.00000,0.8455832005,2.4336829896,0.791,1.988,3.7272,2.209,4,0.000,0.531,0.00,0.00,0.00,0.00,0.00,-1,-1e-30,0.00,7.540e-01,2.458e-01,2.759e-05,7.784e-06,6.937e-05,-1.000,1.636e-04,-0.199,0.613,0.376,0.031,-0.197,-0.375,-0.779,-0.832
0.00015547,-2.00000,10.00000,0.8455848098,2.4336834851,0.791,2.018,3.7237,2.165,4,0.000,0.531,0.00,0.00,0.00,0.00,0.00,-1,-1e-30,0.00,7.540e-01,2.458e-01,2.759e-05,7.784e-06,6.937e-05,-1.000,1.637e-04,-0.275,0.560,0.317,-0.035,-0.268,-0.448,-0.858,-0.912
0.00015547,-2.00000,10.00000,0.8455849290,2.4336835218,0.791,2.021,3.7234,2.161,7,0.000,0.531,0.00,0.00,0.00,0.00,0.00,-1,-1e-30,0.00,7.540e-01,2.458e-01,2.759e-05,7.784e-06,6.937e-05,-1.000,1.637e-04,-0.282,0.555,0.311,-0.042,-0.275,-0.455,-0.866,-0.920
0.00015547,-2.00000,10.00000,0.8455857038,2.4336837603,0.791,2.046,3.7210,2.126,7,0.000,0.531,0.00,0.00,0.00,0.00,0.00,-1,-1e-30,0.00,7.540e-01,2.458e-01,2.759e-05,7.784e-06,6.937e-05,-1.000,1.636e-04,-0.346,0.505,0.258,-0.100,-0.336,-0.518,-0.933,-0.988
0.00015547,-2.00000,10.00000,0.8455867767,2.4336840906,0.791,2.086,3.7178,2.073,7,0.000,0.531,0.00,0.00,0.00,0.00,0.00,-1,-1e-30,0.00,7.540e-01,2.458e-01,2.759e-05,7.784e-06,6.937e-05,-1.000,1.637e-04,-0.446,0.428,0.174,-0.191,-0.431,-0.616,-1.036,-1.092
0.00015547,-2.00000,10.00000,0.8455878496,2.4336844209,0.791,2.125,3.7149,2.022,7,0.000,0.531,0.00,0.00,0.00,0.00,0.00,-1,-1e-30,0.00,7.540e-01,2.458e-01,2.759e-05,7.784e-06,6.937e-05,-1.000,1.636e-04,-0.543,0.351,0.091,-0.280,-0.523,-0.711,-1.137,-1.193
0.00015547,-2.00000,10.00000,0.8455892205,2.4336848430,0.791,2.166,3.7121,1.970,7,0.000,0.531,0.00,0.00,0.00,0.00,0.00,-1,-1e-30,0.00,7.540e-01,2.458e-01,2.759e-05,7.784e-06,6.937e-05,-1.000,1.637e-04,-0.645,0.270,0.003,-0.374,-0.621,-0.811,-1.241,-1.299
0.00015547,-2.00000,10.00000,0.8455924988,2.4336858523,0.791,2.162,3.7127,1.977,7,0.000,0.531,0.00,0.00,0.00,0.00,0.00,-1,-1e-30,0.00,7.540e-01,2.458e-01,2.759e-05,7.784e-06,6.937e-05,-1.000,1.637e-04,-0.635,0.275,0.010,-0.365,-0.612,-0.801,-1.231,-1.288
0.00015547,-2.00000,10.00000,0.8456104994,2.4336913939,0.791,2.143,3.7137,2.000,7,0.000,0.531,0.00,0.00,0.00,0.00,0.00,-1,-1e-30,0.00,7.540e-01,2.458e-01,2.759e-05,7.784e-06,6.937e-05,-1.000,1.636e-04,-0.588,0.315,0.052,-0.321,-0.566,-0.755,-1.182,-1.240
0.00015547,-2.00000,10.00000,0.8456329107,2.4336982930,0.791,2.172,3.7115,1.961,7,0.000,0.531,0.00,0.00,0.00,0.00,0.00,-1,-1e-30,0.00,7.540e-01,2.458e-01,2.759e-05,7.784e-06,6.937e-05,-1.000,1.636e-04,-0.661,0.258,-0.010,-0.388,-0.636,-0.827,-1.258,-1.316
0.00015547,-2.00000,10.00000,0.8456526995,2.4337043844,0.791,2.216,3.7085,1.906,7,0.000,0.531,0.00,0.00,0.00,0.00,0.00,-1,-1e-30,0.00,7.540e-01,2.458e-01,2.759e-05,7.784e-06,6.937e-05,-1.000,1.637e-04,-0.770,0.173,-0.102,-0.488,-0.740,-0.933,-1.370,-1.429
0.00015547,-2.00000,10.00000,0.8456665277,2.4337086408,0.791,2.252,3.7061,1.861,7,0.000,0.531,0.00,0.00,0.00,0.00,0.00,-1,-1e-30,0.00,7.540e-01,2.458e-01,2.759e-05,7.784e-06,6.937e-05,-1.000,1.637e-04,-0.859,0.102,-0.178,-0.570,-0.825,-1.020,-1.462,-1.522
0.00015547,-2.00000,10.00000,0.8456841707,2.4337140712,0.791,2.296,3.7033,1.805,7,0.000,0.531,0.00,0.00,0.00,0.00,0.00,-1,-1e-30,0.00,7.540e-01,2.458e-01,2.759e-05,7.784e-06,6.937e-05,-1.000,1.637e-04,-0.970,0.014,-0.274,-0.672,-0.931,-1.128,-1.576,-1.637
0.00015547,-2.00000,10.00000,0.8457006812,2.4337191528,0.791,2.337,3.7009,1.755,7,0.000,0.531,0.00,0.00,0.00,0.00,0.00,-1,-1e-30,0.00,7.540e-01,2.458e-01,2.759e-05,7.785e-06,6.937e-05,-1.000,1.636e-04,-1.071,-0.067,-0.361,-0.765,-1.028,-1.227,-1.679,-1.741
0.00015547,-2.00000,10.00000,0.8457159400,2.4337238490,0.791,2.377,3.6985,1.705,7,0.000,0.530,0.00,0.00,0.00,0.00,0.00,-1,-1e-30,0.00,7.540e-01,2.458e-01,2.758e-05,7.785e-06,6.937e-05,-1.000,1.636e-04,-1.172,-0.147,-0.447,-0.857,-1.123,-1.325,-1.782,-1.844
0.00015547,-2.00000,10.00000,0.8457297087,2.4337280864,0.791,2.417,3.6962,1.656,7,0.000,0.530,0.00,0.00,0.00,0.00,0.00,-1,-1e-30,0.00,7.540e-01,2.459e-01,2.756e-05,7.794e-06,6.937e-05,-1.000,1.636e-04,-1.273,-0.227,-0.533,-0.950,-1.219,-1.423,-1.884,-1.947
0.00015547,-2.00000,10.00000,0.8457421064,2.4337319017,0.791,2.458,3.6939,1.606,7,0.000,0.528,0.00,0.00,0.00,0.00,0.00,-1,-1e-30,0.00,7.539e-01,2.460e-01,2.747e-05,7.846e-06,6.938e-05,-1.000,1.550e-04,-1.374,-0.307,-0.620,-1.042,-1.315,-1.521,-1.987,-2.051
0.00015547,-2.00000,10.00000,0.8457534909,2.4337354051,0.791,2.498,3.6916,1.556,7,0.000,0.521,0.00,0.00,0.00,0.00,0.00,-1,-1e-30,0.00,7.538e-01,2.461e-01,2.717e-05,8.086e-06,6.940e-05,-1.000,1.575e-04,-1.476,-0.388,-0.707,-1.136,-1.412,-1.619,-2.090,-2.155
0.00015547,-2.00000,10.00000,0.8457637429,2.4337385599,0.791,2.539,3.6893,1.506,7,0.000,0.510,6.59,5.27,3.75,2.89,2.34,3,-1e-30,0.00,7.536e-01,2.462e-01,2.662e-05,8.684e-06,6.942e-05,-1.000,1.636e-04,-1.578,-0.468,-0.793,-1.228,-1.508,-1.718,-2.193,-2.259
0.00015547,-2.00000,10.00000,0.8457729816,2.4337414028,0.791,2.579,3.6870,1.457,7,0.000,0.496,7.31,5.76,4.08,3.16,2.55,3,-1e-30,0.00,7.534e-01,2.464e-01,2.592e-05,9.514e-06,6.943e-05,-1.000,1.622e-04,-1.678,-0.544,-0.876,-1.318,-1.602,-1.814,-2.294,-2.361
0.00015547,-2.00000,10.00000,0.8457815051,2.4337440256,0.791,2.619,3.6847,1.408,7,0.000,0.483,8.12,6.29,4.44,3.44,2.78,3,-1e-30,0.00,7.533e-01,2.466e-01,2.528e-05,1.032e-05,6.945e-05,-1.000,1.501e-04,-1.778,-0.616,-0.958,-1.409,-1.697,-1.911,-2.396,-2.464
0.00015547,-2.00000,10.00000,0.8457894325,2.4337464649,0.791,2.659,3.6824,1.358,7,0.000,0.472,9.01,6.88,4.83,3.75,3.03,3,-1e-30,0.00,7.531e-01,2.468e-01,2.471e-05,1.102e-05,6.946e-05,-1.000,1.433e-04,-1.878,-0.682,-1.036,-1.498,-1.792,-2.009,-2.500,-2.568
0.00015547,-2.00000,10.00000,0.8457970023,2.4337487941,0.791,2.699,3.6801,1.309,7,0.000,0.463,10.00,7.52,5.26,4.09,3.31,3,-1e-30,0.00,7.529e-01,2.469e-01,2.422e-05,1.162e-05,6.947e-05,-1.000,1.627e-04,-1.978,-0.744,-1.113,-1.587,-1.886,-2.107,-2.603,-2.672
0.00015547,-2.00000,10.00000,0.8458042145,2.4337510132,0.791,2.739,3.6778,1.260,7,0.000,0.454,11.10,8.21,5.73,4.45,3.61,3,-1e-30,0.00,7.527e-01,2.472e-01,2.379e-05,1.215e-05,6.948e-05,-1.000,1.494e-04,-2.078,-0.801,-1.186,-1.674,-1.979,-2.203,-2.706,-2.775
0.00015547,-2.00000,10.00000,0.8458113074,2.4337531956,0.791,2.779,3.6754,1.211,7,0.000,0.447,12.32,8.98,6.24,4.86,3.93,3,-1e-30,0.00,7.525e-01,2.474e-01,2.342e-05,1.261e-05,6.947e-05,-1.000,1.141e-04,-2.178,-0.856,-1.257,-1.759,-2.072,-2.300,-2.809,-2.880
0.00015547,-2.00000,10.00000,0.8458177447,2.4337551762,0.791,2.820,3.6731,1.161,7,0.000,0.441,13.70,9.83,6.80,5.30,4.29,2,-1e-30,0.00,7.523e-01,2.476e-01,2.310e-05,1.302e-05,6.944e-05,-1.000,1.622e-04,-2.279,-0.906,-1.326,-1.844,-2.164,-2.397,-2.913,-2.985
0.00015547,-2.00000,10.00000,0.8458232880,2.4337568817,0.791,2.859,3.6707,1.112,7,0.000,0.436,15.19,10.74,7.40,5.77,4.68,2,-1e-30,0.00,7.521e-01,2.478e-01,2.282e-05,1.338e-05,6.938e-05,-1.000,1.636e-04,-2.377,-0.951,-1.390,-1.926,-2.254,-2.491,-3.014,-3.087
0.00015547,-2.00000,10.00000,0.8458282351,2.4337584038,0.791,2.899,3.6683,1.063,7,0.000,0.432,16.87,11.74,8.06,6.30,5.10,2,-1e-30,0.00,7.518e-01,2.480e-01,2.257e-05,1.370e-05,6.930e-05,-1.000,1.636e-04,-2.476,-0.992,-1.452,-2.005,-2.343,-2.585,-3.116,-3.190
0.00015547,-2.00000,10.00000,0.8458323479,2.4337596691,0.791,2.938,3.6658,1.013,7,0.000,0.429,18.74,12.84,8.78,6.87,5.57,2,-1e-30,0.00,7.516e-01,2.482e-01,2.237e-05,1.401e-05,6.918e-05,-1.000,1.636e-04,-2.576,-1.027,-1.510,-2.083,-2.430,-2.678,-3.218,-3.293
0.00015547,-2.00000,10.00000,0.8458361626,2.4337608428,0.791,2.979,3.6632,0.962,7,0.000,0.427,20.88,14.09,9.59,7.52,6.09,2,-1e-30,0.00,7.514e-01,2.484e-01,2.219e-05,1.433e-05,6.901e-05,-1.000,1.636e-04,-2.678,-1.054,-1.564,-2.160,-2.519,-2.773,-3.323,-3.399
0.00015547,-2.00000,10.00000,0.8458400965,2.4337620531,0.791,3.022,3.6605,0.908,7,0.000,0.425,23.38,15.51,10.51,8.25,6.69,2,-1e-30,0.00,7.512e-01,2.486e-01,2.204e-05,1.464e-05,6.883e-05,-1.000,1.637e-04,-2.784,-1.070,-1.612,-2.235,-2.608,-2.870,-3.432,-3.510
0.00015547,-2.00000,10.00000,0.8458434343,2.4337630800,0.791,3.067,3.6575,0.851,7,0.000,0.424,26.39,17.20,11.60,9.12,7.40,1,-1e-30,0.00,7.511e-01,2.488e-01,2.193e-05,1.490e-05,6.866e-05,-1.000,1.439e-04,-2.897,-1.084,-1.660,-2.311,-2.700,-2.970,-3.546,-3.625
0.00015547,-2.00000,10.00000,0.8458454609,2.4337637034,0.791,3.116,3.6542,0.789,7,0.000,0.424,30.09,19.24,12.91,10.17,8.25,1,-1e-30,0.00,7.510e-01,2.489e-01,2.187e-05,1.506e-05,6.856e-05,-1.000,1.634e-04,-3.019,-1.122,-1.723,-2.396,-2.799,-3.075,-3.664,-3.746
0.00015547,-2.00000,10.00000,0.8458458185,2.4337638135,0.791,3.107,3.6547,0.800,7,0.000,0.423,29.44,18.88,12.68,9.98,8.10,1,-1e-30,0.00,7.508e-01,2.490e-01,2.180e-05,1.530e-05,6.839e-05,-1.000,1.636e-04,-2.998,-1.113,-1.710,-2.380,-2.781,-3.056,-3.643,-3.724
0.00015547,-2.00000,10.00000,0.8458459377,2.4337638501,0.791,3.112,3.6543,0.794,7,0.000,0.423,29.82,19.09,12.81,10.09,8.19,1,-1e-30,0.00,7.507e-01,2.492e-01,2.171e-05,1.559e-05,6.818e-05,-1.000,1.636e-04,-3.009,-1.115,-1.715,-2.387,-2.790,-3.066,-3.654,-3.735
0.00015547,-2.00000,10.00000,0.8458461165,2.4337639052,0.791,3.129,3.6531,0.772,7,0.000,0.423,31.21,19.85,13.30,10.48,8.50,1,-1e-30,0.00,7.506e-01,2.493e-01,2.164e-05,1.582e-05,6.801e-05,-1.000,1.637e-04,-3.051,-1.128,-1.737,-2.417,-2.824,-3.102,-3.695,-3.778
0.00015547,-2.00000,10.00000,0.8458462358,2.4337639418,0.791,3.143,3.6522,0.754,7,0.000,0.423,32.45,20.52,13.73,10.82,8.78,1,-1e-30,0.00,7.505e-01,2.493e-01,2.162e-05,1.592e-05,6.794e-05,-1.000,1.636e-04,-3.087,-1.139,-1.755,-2.442,-2.853,-3.133,-3.730,-3.813
0.00015547,-2.00000,10.00000,0.8458464146,2.4337639968,0.791,3.158,3.6511,0.734,7,0.000,0.423,33.81,21.25,14.19,11.19,9.09,1,-1e-30,0.00,7.505e-01,2.493e-01,2.160e-05,1.598e-05,6.790e-05,-1.000,1.637e-04,-3.125,-1.150,-1.775,-2.468,-2.884,-3.166,-3.767,-3.851
0.00015547,-2.00000,10.00000,0.8458466530,2.4337640702,0.791,3.173,3.6501,0.715,7,0.000,0.423,35.23,22.01,14.68,11.58,9.40,1,-1e-30,0.00,7.504e-01,2.494e-01,2.157e-05,1.608e-05,6.782e-05,-1.000,1.637e-04,-3.164,-1.161,-1.794,-2.494,-2.915,-3.199,-3.805,-3.889
0.00015547,-2.00000,10.00000,0.8458469510,2.4337641619,0.791,3.201,3.6482,0.680,7,0.000,0.422,37.91,23.43,15.58,12.31,9.99,1,-1e-30,0.00,7.502e-01,2.496e-01,2.151e-05,1.630e-05,6.766e-05,-1.000,1.637e-04,-3.231,-1.181,-1.828,-2.540,-2.968,-3.256,-3.869,-3.955
0.00015547,-2.00000,10.00000,0.8458475471,2.4337643453,0.791,3.251,3.6446,0.615,7,0.000,0.422,43.50,26.35,17.43,13.79,11.20,1,-1e-30,0.00,7.499e-01,2.499e-01,2.135e-05,1.684e-05,6.726e-05,-1.000,1.637e-04,-3.358,-1.214,-1.888,-2.623,-3.067,-3.362,-3.990,-4.077
0.00015547,-2.00000,10.00000,0.8458481431,2.4337645286,0.791,3.289,3.6388,0.554,8,0.525,0.437,49.52,29.43,19.37,15.35,12.47,1,-4.5e-07,0.00,7.496e-01,2.502e-01,2.221e-05,1.732e-05,6.754e-05,-1.000,1.444e-04,-3.452,-1.168,-1.881,-2.649,-3.115,-3.421,-4.072,-4.163
0.00015547,-2.00000,10.00000,0.8458482027,2.4337645470,0.789,3.083,3.6534,0.818,8,0.525,0.438,28.33,18.27,12.29,9.67,7.84,1,-1.98e-07,0.00,7.496e-01,2.502e-01,2.221e-05,1.732e-05,6.754e-05,-1.000,1.444e-04,-2.938,-1.040,-1.640,-2.312,-2.715,-2.992,-3.581,-3.662
0.00015547,-2.00000,10.00000,0.8458483219,2.4337645836,0.786,2.934,3.6637,1.006,8,0.525,0.438,18.97,12.98,8.86,6.94,5.63,2,-1.15e-07,0.00,7.496e-01,2.502e-01,2.221e-05,1.732e-05,6.754e-05,-1.000,1.444e-04,-2.565,-0.968,-1.468,-2.056,-2.410,-2.662,-3.208,-3.284
0.00015547,-2.00000,10.00000,0.8458485603,2.4337646570,0.781,2.716,3.6787,1.281,8,0.525,0.438,10.57,7.88,5.50,4.28,3.46,3,-5.68e-08,0.00,7.496e-01,2.502e-01,2.221e-05,1.732e-05,6.754e-05,-1.000,1.445e-04,-2.020,-0.761,-1.139,-1.621,-1.924,-2.147,-2.647,-2.716
0.00015547,-2.00000,10.00000,0.8458489180,2.4337647670,0.773,2.721,3.6781,1.270,8,0.526,0.438,10.79,8.02,5.60,4.35,3.53,3,-5.81e-08,0.00,7.496e-01,2.502e-01,2.221e-05,1.732e-05,6.754e-05,-1.000,1.444e-04,-2.032,-0.762,-1.144,-1.630,-1.934,-2.158,-2.659,-2.729
0.00015547,-2.00000,10.00000,0.8458493352,2.4337648954,0.764,2.799,3.6724,1.164,8,0.526,0.438,13.47,9.69,6.70,5.23,4.24,2,-7.53e-08,0.00,7.496e-01,2.502e-01,2.221e-05,1.732e-05,6.754e-05,-1.000,1.444e-04,-2.227,-0.842,-1.266,-1.788,-2.110,-2.344,-2.861,-2.933
0.00015547,-2.00000,10.00000,0.8458498716,2.4337650604,0.752,2.979,3.6595,0.926,8,0.526,0.438,22.25,14.84,10.07,7.91,6.41,2,-1.42e-07,0.00,7.496e-01,2.502e-01,2.221e-05,1.732e-05,6.754e-05,-1.000,1.445e-04,-2.677,-0.944,-1.492,-2.120,-2.496,-2.759,-3.323,-3.402
0.00015547,-2.00000,10.00000,0.8458504677,2.4337652438,0.739,3.142,3.6477,0.707,8,0.527,0.438,35.28,21.95,14.62,11.56,9.38,1,-2.71e-07,0.00,7.496e-01,2.502e-01,2.221e-05,1.732e-05,6.754e-05,-1.000,1.444e-04,-3.086,-1.039,-1.684,-2.394,-2.821,-3.109,-3.722,-3.807
0.00015547,-2.00000,10.00000,0.8458511829,2.4337654638,0.724,3.252,3.6396,0.557,8,0.527,0.438,48.40,28.66,18.85,14.98,12.16,1,-4.36e-07,0.00,7.496e-01,2.502e-01,2.221e-05,1.732e-05,6.754e-05,-1.000,1.445e-04,-3.359,-1.092,-1.801,-2.565,-3.029,-3.333,-3.981,-4.071
0.00015547,-2.00000,10.00000,0.8458519578,2.4337657022,0.708,3.311,3.6349,0.468,8,0.527,0.438,58.17,33.41,21.82,17.39,14.12,1,-5.82e-07,0.00,7.496e-01,2.502e-01,2.221e-05,1.732e-05,6.754e-05,-1.000,1.445e-04,-3.508,-1.098,-1.846,-2.644,-3.132,-3.447,-4.118,-4.212
0.00015547,-2.00000,10.00000,0.8458528519,2.4337659773,0.690,3.340,3.6323,0.418,8,0.528,0.438,64.46,36.35,23.64,18.88,15.33,1,-6.86e-07,0.00,7.496e-01,2.502e-01,2.221e-05,1.732e-05,6.754e-05,-1.000,1.444e-04,-3.580,-1.084,-1.855,-2.674,-3.177,-3.497,-4.184,-4.279
0.00015547,-2.00000,10.00000,0.8458538055,2.4337662707,0.671,3.356,3.6306,0.383,8,0.528,0.438,69.18,38.47,24.93,19.96,16.20,0,-7.69e-07,0.00,7.496e-01,2.502e-01,2.221e-05,1.732e-05,6.754e-05,-1.000,1.445e-04,-3.620,-1.064,-1.852,-2.684,-3.198,-3.523,-4.219,-4.317
0.00015547,-2.00000,10.00000,0.8458588719,2.4337678293,0.531,-9.999,4.0000,1.849,9,0.531,0.000,0.00,0.00,0.00,0.00,0.00,-1,-1e-30,0.00,7.496e-01,2.502e-01,2.221e-05,1.732e-05,6.754e-05,-1.000,1.445e-04,29.767,30.034,30.068,30.073,30.067,30.065,30.064,30.053
0.00049103,-1.50000,10.00000,0.0900000036,1.0816895926,0.090,-3.185,3.4747,5.428,1,0.000,0.545,0.00,0.00,0.00,0.00,0.00,-1,-5.3e-17,0.00,7.485e-01,2.510e-01,8.884e-05,2.397e-05,2.174e-04,-1.000,4.941e-04,12.732,17.463,16.521,15.530,14.657,14.277,12.320,12.079
0.00049103,-1.50000,10.00000,0.0962926000,1.1393690776,0.096,-2.999,3.5012,5.377,1,0.000,0.545,0.00,0.00,0.00,0.00,0.00,-1,-8.33e-17,0.00,7.475e-01,2.520e-01,8.884e-05,2.397e-05,2.174e-04,-1.000,4.941e-04,12.267,16.273,15.470,14.437,13.713,13.336,11.790,11.595
0.00049103,-1.50000,10.00000,0.1000000015,1.1711064122,0.100,-2.895,3.5160,5.349,1,0.000,0.545,0.00,0.00,0.00,0.00,0.00,-1,-1.07e-16,0.00,7.469e-01,2.526e-01,8.884e-05,2.397e-05,2.174e-04,-1.000,4.941e-04,12.007,15.661,14.919,13.904,13.231,12.856,11.502,11.326
0.00049103,-1.50000,10.00000,0.1199999973,1.3193154249,0.120,-2.609,3.5472,5.267,1,0.000,0.545,0.00,0.00,0.00,0.00,0.00,-1,-2.08e-16,0.00,7.447e-01,2.548e-01,8.884e-05,2.397e-05,2.174e-04,-1.000,4.940e-04,11.293,14.295,13.660,12.751,12.135,11.770,10.737,10.595
0.00049103,-1.50000,10.00000,0.1400000006,1.4384526719,0.140,-2.428,3.5625,5.214,1,0.000,0.545,0.00,0.00,0.00,0.00,0.00,-1,-3.1e-16,0.00,7.431e-01,2.564e-01,8.884e-05,2.397e-05,2.174e-04,-1.000,4.941e-04,10.841,13.564,12.973,12.127,11.534,11.175,10.265,10.137
0.00049103,-1.50000,10.00000,0.1599999964,1.5372931554,0.160,-2.288,3.5727,5.173,1,0.000,0.545,0.00,0.00,0.00,0.00,0.00,-1,-4.2e-16,0.00,7.418e-01,2.577e-01,8.884e-05,2.397e-05,2.174e-04,-1.000,4.941e-04,10.489,13.040,12.476,11.673,11.096,10.744,9.903,9.782
0.00049103,-1.50000,10.00000,0.2000000179,1.6938791367,0.200,-2.068,3.5860,5.103,1,0.000,0.545,0.00,0.00,0.00,0.00,0.00,-1,-6.75e-16,0.00,7.406e-01,2.589e-01,8.884e-05,2.397e-05,2.174e-04,-1.000,4.940e-04,9.940,12.282,11.750,10.999,10.453,10.113,9.340,9.229
0.00049103,-1.50000,10.00000,0.2500000000,1.8403257998,0.250,-1.863,3.5971,5.039,1,0.000,0.545,0.00,0.00,0.00,0.00,0.00,-1,-1.04e-15,0.00,7.405e-01,2.590e-01,8.883e-05,2.397e-05,2.174e-04,-1.000,4.941e-04,9.427,11.607,11.099,10.390,9.873,9.545,8.818,8.713
0.00049103,-1.50000,10.00000,0.3000000417,1.9529140366,0.300,-1.706,3.6057,4.996,1,0.000,0.545,0.00,0.00,0.00,0.00,0.00,-1,-1.43e-15,0.00,7.406e-01,2.589e-01,8.882e-05,2.397e-05,2.174e-04,-1.000,4.941e-04,9.035,11.098,10.609,9.929,9.435,9.116,8.419,8.318
0.00049103,-1.50000,10.00000,0.3168833256,1.9855392854,0.317,-1.661,3.6083,4.985,1,0.000,0.545,0.00,0.00,0.00,0.00,0.00,-1,-1.57e-15,0.00,7.406e-01,2.589e-01,8.881e-05,2.397e-05,2.174e-04,-1.000,4.941e-04,8.924,10.951,10.468,9.797,9.310,8.994,8.305,8.206
0.00049103,-1.50000,10.00000,0.3499999940,2.0434174644,0.350,-1.580,3.6130,4.966,1,0.000,0.545,0.00,0.00,0.00,0.00,0.00,-1,-1.84e-15,0.00,7.407e-01,2.588e-01,8.879e-05,2.397e-05,2.174e-04,-1.000,4.940e-04,8.719,10.686,10.213,9.557,9.082,8.771,8.097,8.000
0.00049103,-1.50000,10.00000,0.4000000060,2.1185024399,0.400,-1.439,3.6240,4.927,1,0.000,0.545,0.00,0.00,0.00,0.00,0.00,-1,-2.49e-15,0.00,7.503e-01,2.492e-01,8.884e-05,2.397e-05,2.174e-04,-1.000,4.941e-04,8.368,10.195,9.744,9.122,8.677,8.379,7.738,7.646
0.00049103,-1.50000,10.00000,0.4500000179,2.1822809362,0.450,-1.268,3.6423,4.880,1,0.000,0.545,0.00,0.00,0.00,0.00,0.00,-1,-3.67e-15,0.00,7.504e-01,2.491e-01,8.884e-05,2.397e-05,2.174e-04,-1.000,4.941e-04,7.939,9.550,9.133,8.564,8.165,7.888,7.300,7.217
0.00049103,-1.50000,10.00000,0.5000000000,2.2374541529,0.500,-1.076,3.6676,4.835,1,0.000,0.545,0.00,0.00,0.00,0.00,0.00,-1,-5.7e-15,0.00,7.504e-01,2.491e-01,8.884e-05,2.397e-05,2.174e-04,-1.000,4.942e-04,7.460,8.799,8.427,7.925,7.583,7.335,6.813,6.740
0.00049103,-1.50000,10.00000,0.5500000715,2.2836583126,0.550,-0.870,3.6921,4.769,1,0.000,0.544,0.00,0.00,0.00,0.00,0.00,-1,-9.43e-15,0.00,7.792e-01,2.203e-01,7.924e-05,2.139e-05,1.940e-04,-1.000,4.904e-04,6.945,8.062,7.729,7.282,6.988,6.768,6.298,6.235
0.00049103,-1.50000,10.00000,0.6000000238,2.3211213258,0.600,-0.670,3.7185,4.712,1,0.000,0.544,0.00,0.00,0.00,0.00,0.00,-1,-1.53e-14,0.00,7.883e-01,2.112e-01,7.634e-05,2.061e-05,1.871e-04,-1.000,4.705e-04,6.446,7.375,7.085,6.688,6.434,6.238,5.813,5.759
0.00049103,-1.50000,10.00000,0.6032770276,2.3233285109,0.603,-0.657,3.7204,4.709,1,0.000,0.544,0.00,0.00,0.00,0.00,0.00,-1,-1.58e-14,0.00,7.890e-01,2.105e-01,7.612e-05,2.056e-05,1.866e-04,-1.000,4.874e-04,6.412,7.329,7.041,6.649,6.397,6.202,5.781,5.727
0.00049103,-1.50000,10.00000,0.6160757542,2.3316908628,0.616,-0.604,3.7280,4.695,1,0.000,0.544,0.00,0.00,0.00,0.00,0.00,-1,-1.79e-14,0.00,7.918e-01,2.078e-01,7.525e-05,2.033e-05,1.845e-04,-1.000,3.997e-04,6.280,7.149,6.876,6.497,6.255,6.067,5.658,5.606
0.00049103,-1.50000,10.00000,0.6309819818,2.3409400989,0.631,-0.543,3.7367,4.679,1,0.000,0.544,0.00,0.00,0.00,0.00,0.00,-1,-2.07e-14,0.00,7.952e-01,2.044e-01,7.419e-05,2.004e-05,1.820e-04,-1.000,4.430e-04,6.126,6.945,6.687,6.324,6.092,5.910,5.515,5.466
0.00049103,-1.50000,10.00000,0.6447324157,2.3490375063,0.645,-0.486,3.7447,4.664,1,0.000,0.543,0.00,0.00,0.00,0.00,0.00,-1,-2.38e-14,0.00,7.985e-01,2.011e-01,7.315e-05,1.977e-05,1.795e-04,-1.000,3.952e-04,5.984,6.760,6.515,6.167,5.944,5.768,5.386,5.339
0.00049103,-1.50000,10.00000,0.6499999762,2.3520353107,0.650,-0.464,3.7477,4.658,1,0.000,0.543,0.00,0.00,0.00,0.00,0.00,-1,-2.51e-14,0.00,7.998e-01,1.998e-01,7.274e-05,1.966e-05,1.785e-04,-1.000,3.974e-04,5.930,6.690,6.450,6.107,5.888,5.715,5.337,5.291
0.00049103,-1.50000,10.00000,0.6502491832,2.3521757530,0.650,-0.463,3.7478,4.657,1,0.000,0.543,0.00,0.00,0.00,0.00,0.00,-1,-2.51e-14,0.00,7.999e-01,1.997e-01,7.272e-05,1.965e-05,1.784e-04,-1.000,3.959e-04,5.927,6.687,6.447,6.104,5.885,5.712,5.335,5.289
0.00049103,-1.50000,10.00000,0.6658071280,2.3607047199,0.666,-0.398,3.7560,4.635,1,0.000,0.543,0.00,0.00,0.00,0.00,0.00,-1,-2.96e-14,0.00,8.046e-01,1.950e-01,7.121e-05,1.925e-05,1.749e-04,-1.000,3.949e-04,5.765,6.482,6.256,5.929,5.720,5.553,5.190,5.146
0.00049103,-1.50000,10.00000,0.6802874207,2.3682411527,0.680,-0.337,3.7634,4.613,1,0.000,0.543,0.00,0.00,0.00,0.00,0.00,-1,-3.46e-14,0.00,8.095e-01,1.901e-01,6.969e-05,1.884e-05,1.712e-04,-1.000,3.949e-04,5.612,6.293,6.080,5.767,5.567,5.406,5.055,5.013
0.00049103,-1.50000,10.00000,0.6940334439,2.3750618382,0.694,-0.278,3.7702,4.590,1,0.000,0.542,0.00,0.00,0.00,0.00,0.00,-1,-4.02e-14,0.00,8.145e-01,1.852e-01,6.813e-05,1.843e-05,1.675e-04,-1.000,3.960e-04,5.465,6.115,5.914,5.614,5.421,5.265,4.925,4.885
0.00049103,-1.50000,10.00000,0.6999999881,2.3779266974,0.700,-0.252,3.7731,4.580,1,0.000,0.542,0.00,0.00,0.00,0.00,0.00,-1,-4.3e-14,0.00,8.167e-01,1.829e-01,6.741e-05,1.824e-05,1.658e-04,-1.000,3.961e-04,5.401,6.038,5.842,5.547,5.357,5.203,4.868,4.829
0.00049103,-1.50000,10.00000,0.7042089701,2.3799141086,0.704,-0.234,3.7751,4.572,1,0.000,0.541,0.00,0.00,0.00,0.00,0.00,-1,-4.52e-14,0.00,8.188e-01,1.808e-01,6.669e-05,1.807e-05,1.643e-04,-1.000,3.936e-04,5.355,5.984,5.791,5.499,5.312,5.159,4.827,4.788
0.00049103,-1.50000,10.00000,0.7167675495,2.3856848586,0.717,-0.178,3.7808,4.546,1,0.000,0.539,0.00,0.00,0.00,0.00,0.00,-1,-5.24e-14,0.00,8.253e-01,1.744e-01,6.444e-05,1.751e-05,1.594e-04,-1.000,3.569e-04,5.214,5.819,5.635,5.354,5.173,5.025,4.702,4.665
0.00049103,-1.50000,10.00000,0.7288631797,2.3910272256,0.729,-0.122,3.7861,4.519,1,0.000,0.537,0.00,0.00,0.00,0.00,0.00,-1,-6.1e-14,0.00,8.319e-01,1.678e-01,6.217e-05,1.696e-05,1.545e-04,-1.000,2.960e-04,5.075,5.659,5.483,5.211,5.036,4.892,4.577,4.542
0.00049103,-1.50000,10.00000,0.7396256924,2.3956122260,0.739,-0.071,3.7906,4.492,1,0.000,0.534,0.00,0.00,0.00,0.00,0.00,-1,-7.02e-14,0.00,8.379e-01,1.618e-01,6.019e-05,1.647e-05,1.501e-04,-1.000,2.965e-04,4.948,5.513,5.344,5.080,4.910,4.769,4.462,4.428
0.00049103,-1.50000,10.00000,0.7497707009,2.3997958528,0.749,-0.021,3.7948,4.465,1,0.000,0.532,0.00,0.00,0.00,0.00,0.00,-1,-8.08e-14,0.00,8.433e-01,1.564e-01,5.841e-05,1.603e-05,1.463e-04,-1.000,2.960e-04,4.822,5.371,5.208,4.951,4.785,4.648,4.348,4.315
0.00049103,-1.50000,10.00000,0.7500000000,2.3998889087,0.750,-0.020,3.7949,4.464,1,0.000,0.532,0.00,0.00,0.00,0.00,0.00,-1,-8.1e-14,0.00,8.435e-01,1.562e-01,5.837e-05,1.602e-05,1.462e-04,-1.000,2.960e-04,4.819,5.367,5.205,4.948,4.783,4.645,4.345,4.312
0.00049103,-1.50000,10.00000,0.7509133816,2.4002589355,0.750,-0.015,3.7952,4.461,1,0.000,0.532,0.00,0.00,0.00,0.00,0.00,-1,-8.21e-14,0.00,8.438e-01,1.560e-01,5.831e-05,1.601e-05,1.460e-04,-1.000,2.977e-04,4.808,5.355,5.192,4.937,4.771,4.635,4.335,4.302
0.00049103,-1.50000,10.00000,0.7613236904,2.4044042992,0.761,0.039,3.7993,4.430,1,0.000,0.532,0.00,0.00,0.00,0.00,0.00,-1,-9.56e-14,0.00,8.468e-01,1.529e-01,5.777e-05,1.587e-05,1.449e-04,-1.000,2.990e-04,4.673,5.203,5.046,4.798,4.637,4.504,4.211,4.179
0.00049103,-1.50000,10.00000,0.7709969282,2.4081409996,0.770,0.092,3.8031,4.398,1,0.000,0.531,0.00,0.00,0.00,0.00,0.00,-1,-1.11e-13,0.00,8.492e-01,1.505e-01,5.736e-05,1.577e-05,1.440e-04,-1.000,2.961e-04,4.541,5.056,4.904,4.663,4.506,4.375,4.088,4.058
0.00049103,-1.50000,10.00000,0.7795653939,2.4113620190,0.779,0.141,3.8064,4.366,1,0.000,0.530,0.00,0.00,0.00,0.00,0.00,-1,-1.29e-13,0.00,8.512e-01,1.485e-01,5.706e-05,1.570e-05,1.434e-04,-1.000,2.972e-04,4.417,4.918,4.771,4.535,4.382,4.253,3.972,3.942
0.00049103,-1.50000,10.00000,0.7877417207,2.4143606115,0.787,0.192,3.8094,4.332,1,0.000,0.530,0.00,0.00,0.00,0.00,0.00,-1,-1.49e-13,0.00,8.530e-01,1.467e-01,5.683e-05,1.564e-05,1.430e-04,-1.000,2.967e-04,4.291,4.780,4.636,4.405,4.256,4.130,3.854,3.825
0.00049103,-1.50000,10.00000,0.7952778339,2.4170617083,0.794,0.241,3.8120,4.297,1,0.000,0.530,0.00,0.00,0.00,0.00,0.00,-1,-1.73e-13,0.00,8.544e-01,1.453e-01,5.665e-05,1.560e-05,1.426e-04,-1.000,2.962e-04,4.169,4.646,4.506,4.279,4.133,4.009,3.738,3.709
0.00049103,-1.50000,10.00000,0.8000000119,2.4187244405,0.799,0.273,3.8135,4.273,1,0.000,0.529,0.00,0.00,0.00,0.00,0.00,-1,-1.91e-13,0.00,8.552e-01,1.445e-01,5.655e-05,1.557e-05,1.425e-04,-1.000,2.961e-04,4.087,4.557,4.419,4.196,4.050,3.928,3.659,3.631
0.00049103,-1.50000,10.00000,0.8032053113,2.4198402613,0.802,0.295,3.8145,4.257,1,0.000,0.529,0.00,0.00,0.00,0.00,0.00,-1,-2.04e-13,0.00,8.551e-01,1.446e-01,5.665e-05,1.560e-05,1.428e-04,-1.000,3.012e-04,4.031,4.497,4.360,4.138,3.994,3.873,3.606,3.578
0.00049103,-1.50000,10.00000,0.8098247051,2.4221124718,0.809,0.344,3.8164,4.219,1,0.000,0.529,0.00,0.00,0.00,0.00,0.00,-1,-2.38e-13,0.00,8.543e-01,1.454e-01,5.705e-05,1.571e-05,1.438e-04,-1.000,3.686e-04,3.910,4.366,4.232,4.013,3.871,3.751,3.488,3.460
0.00049103,-1.50000,10.00000,0.8171582222,2.4245804498,0.816,0.402,3.8177,4.170,1,0.000,0.529,0.00,0.00,0.00,0.00,0.00,-1,-2.87e-13,0.00,8.523e-01,1.473e-01,5.779e-05,1.592e-05,1.456e-04,-1.000,3.948e-04,3.764,4.213,4.080,3.864,3.724,3.605,3.345,3.318
0.00049103,-1.50000,10.00000,0.8182356358,2.4249387524,0.817,0.411,3.8179,4.163,1,0.000,0.529,0.00,0.00,0.00,0.00,0.00,-1,-2.95e-13,0.00,8.520e-01,1.476e-01,5.791e-05,1.595e-05,1.459e-04,-1.000,3.948e-04,3.742,4.190,4.058,3.842,3.702,3.583,3.323,3.296
0.00049103,-1.50000,10.00000,0.8202961087,2.4256209659,0.819,0.430,3.8178,4.145,1,0.000,0.529,0.00,0.00,0.00,0.00,0.00,-1,-3.15e-13,0.00,8.513e-01,1.483e-01,5.815e-05,1.602e-05,1.465e-04,-1.000,3.949e-04,3.696,4.143,4.011,3.795,3.655,3.537,3.276,3.250
0.00049103,-1.50000,10.00000,0.8261502385,2.4275379061,0.825,0.485,3.8165,4.087,1,0.000,0.529,0.00,0.00,0.00,0.00,0.00,-1,-3.79e-13,0.00,8.495e-01,1.502e-01,5.883e-05,1.621e-05,1.482e-04,-1.000,3.951e-04,3.556,4.004,3.871,3.654,3.514,3.395,3.133,3.106
0.00049103,-1.50000,10.00000,0.8310296535,2.4291119652,0.829,0.540,3.8130,4.021,1,0.000,0.529,0.00,0.00,0.00,0.00,0.00,-1,-4.62e-13,0.00,8.479e-01,1.517e-01,5.940e-05,1.636e-05,1.496e-04,-1.000,3.953e-04,3.421,3.877,3.741,3.520,3.377,3.256,2.989,2.961
0.00049103,-1.50000,10.00000,0.8318548203,2.4293760587,0.830,0.550,3.8121,4.008,1,0.000,0.529,0.00,0.00,0.00,0.00,0.00,-1,-4.84e-13,0.00,8.476e-01,1.520e-01,5.949e-05,1.639e-05,1.499e-04,-1.000,3.953e-04,3.395,3.854,3.717,3.496,3.351,3.229,2.961,2.933
0.00049103,-1.50000,10.00000,0.8326126933,2.4296180847,0.831,0.560,3.8108,3.992,1,0.000,0.529,0.00,0.00,0.00,0.00,0.00,-1,-5.03e-13,0.00,8.474e-01,1.522e-01,5.958e-05,1.641e-05,1.501e-04,-1.000,3.953e-04,3.370,3.833,3.694,3.471,3.325,3.202,2.932,2.904
0.00049103,-1.50000,10.00000,0.8351595402,2.4304277180,0.833,0.597,3.8053,3.936,2,0.000,0.529,0.00,0.00,0.00,0.00,0.00,-1,-5.81e-13,0.00,8.466e-01,1.530e-01,5.987e-05,1.649e-05,1.508e-04,-1.000,3.954e-04,3.279,3.759,3.615,3.384,3.233,3.106,2.828,2.798
0.00049103,-1.50000,10.00000,0.8371006250,2.4310409787,0.835,0.628,3.7991,3.881,2,0.000,0.529,0.00,0.00,0.00,0.00,0.00,-1,-6.63e-13,0.00,8.460e-01,1.536e-01,6.010e-05,1.655e-05,1.514e-04,-1.000,3.955e-04,3.201,3.703,3.552,3.312,3.155,3.024,2.736,2.704
0.00049103,-1.50000,10.00000,0.8386152983,2.4315172530,0.837,0.655,3.7919,3.826,2,0.000,0.529,0.00,0.00,0.00,0.00,0.00,-1,-7.51e-13,0.00,8.455e-01,1.541e-01,6.027e-05,1.660e-05,1.518e-04,-1.000,3.957e-04,3.134,3.663,3.503,3.252,3.087,2.951,2.652,2.618
0.00049103,-1.50000,10.00000,0.8398337364,2.4318989456,0.838,0.678,3.7841,3.772,2,0.000,0.530,0.00,0.00,0.00,0.00,0.00,-1,-8.43e-13,0.00,8.397e-01,1.599e-01,6.204e-05,1.708e-05,1.562e-04,-1.000,3.813e-04,3.076,3.636,3.467,3.203,3.030,2.888,2.577,2.541
0.00049103,-1.50000,10.00000,0.8408484459,2.4322158467,0.839,0.698,3.7761,3.721,2,0.000,0.531,0.00,0.00,0.00,0.00,0.00,-1,-9.36e-13,0.00,8.269e-01,1.728e-01,6.576e-05,1.808e-05,1.651e-04,-1.000,3.506e-04,3.026,3.620,3.440,3.162,2.982,2.834,2.509,2.472
0.00049103,-1.50000,10.00000,0.8417323828,2.4324911906,0.840,0.716,3.7683,3.672,2,0.000,0.533,0.00,0.00,0.00,0.00,0.00,-1,-1.03e-12,0.00,8.066e-01,1.930e-01,7.151e-05,1.962e-05,1.788e-04,-1.000,4.026e-04,2.981,3.610,3.419,3.128,2.939,2.785,2.448,2.408
0.00049103,-1.50000,10.00000,0.8425478935,2.4327446308,0.841,0.736,3.7607,3.622,2,0.000,0.535,0.00,0.00,0.00,0.00,0.00,-1,-1.14e-12,0.00,7.886e-01,2.109e-01,7.659e-05,2.097e-05,1.909e-04,-1.000,4.335e-04,2.931,3.596,3.393,3.088,2.891,2.733,2.383,2.341
0.00049103,-1.50000,10.00000,0.8433664441,2.4329984490,0.841,0.764,3.7533,3.565,2,0.000,0.536,0.00,0.00,0.00,0.00,0.00,-1,-1.3e-12,0.00,7.772e-01,2.224e-01,7.981e-05,2.183e-05,1.986e-04,-1.000,4.474e-04,2.861,3.563,3.348,3.031,2.826,2.662,2.300,2.256
0.00049103,-1.50000,10.00000,0.8440065384,2.4331965366,0.842,0.795,3.7484,3.514,2,0.000,0.536,0.00,0.00,0.00,0.00,0.00,-1,-1.48e-12,0.00,7.716e-01,2.280e-01,8.138e-05,2.225e-05,2.023e-04,-1.000,4.441e-04,2.783,3.511,3.288,2.962,2.752,2.584,2.215,2.169
0.00049103,-1.50000,10.00000,0.8446400762,2.4333922552,0.843,0.831,3.7440,3.461,2,0.000,0.537,0.00,0.00,0.00,0.00,0.00,-1,-1.71e-12,0.00,7.675e-01,2.321e-01,8.252e-05,2.256e-05,2.051e-04,-1.000,3.961e-04,2.693,3.443,3.213,2.880,2.665,2.494,2.118,2.071
0.00049103,-1.50000,10.00000,0.8448379636,2.4334533193,0.843,0.845,3.7430,3.442,3,0.000,0.537,0.00,0.00,0.00,0.00,0.00,-1,-1.8e-12,0.00,7.666e-01,2.330e-01,8.273e-05,2.262e-05,2.056e-04,-1.000,4.290e-04,2.657,3.411,3.180,2.846,2.629,2.458,2.080,2.033
0.00049103,-1.50000,10.00000,0.8453689814,2.4336170183,0.843,0.886,3.7405,3.392,3,0.000,0.537,0.00,0.00,0.00,0.00,0.00,-1,-2.1e-12,0.00,7.643e-01,2.352e-01,8.326e-05,2.276e-05,2.068e-04,-1.000,4.807e-04,2.554,3.322,3.087,2.748,2.529,2.356,1.974,1.926
0.00049103,-1.50000,10.00000,0.8459497690,2.4337957895,0.844,0.935,3.7380,3.333,3,0.000,0.537,0.00,0.00,0.00,0.00,0.00,-1,-2.51e-12,0.00,7.620e-01,2.375e-01,8.373e-05,2.289e-05,2.079e-04,-1.000,4.901e-04,2.433,3.214,2.975,2.632,2.411,2.236,1.850,1.801
0.00049103,-1.50000,10.00000,0.8464428782,2.4339473512,0.844,0.980,3.7362,3.281,3,0.000,0.537,0.00,0.00,0.00,0.00,0.00,-1,-2.96e-12,0.00,7.601e-01,2.394e-01,8.406e-05,2.297e-05,2.087e-04,-1.000,4.905e-04,2.320,3.111,2.870,2.524,2.300,2.125,1.735,1.686
0.00049103,-1.50000,10.00000,0.8469140530,2.4340919814,0.845,1.026,3.7344,3.228,3,0.000,0.537,0.00,0.00,0.00,0.00,0.00,-1,-3.49e-12,0.00,7.583e-01,2.412e-01,8.431e-05,2.305e-05,2.094e-04,-1.000,4.940e-04,2.205,3.005,2.761,2.413,2.187,2.011,1.619,1.569
0.00049103,-1.50000,10.00000,0.8473926187,2.4342386911,0.845,1.076,3.7327,3.171,3,0.000,0.536,0.00,0.00,0.00,0.00,0.00,-1,-4.19e-12,0.00,7.565e-01,2.431e-01,8.446e-05,2.313e-05,2.100e-04,-1.000,4.614e-04,2.079,2.888,2.642,2.290,2.063,1.886,1.491,1.441
0.00049103,-1.50000,10.00000,0.8478324413,2.4343733557,0.845,1.126,3.7311,3.115,3,0.000,0.535,0.00,0.00,0.00,0.00,0.00,-1,-5.01e-12,0.00,7.547e-01,2.449e-01,8.446e-05,2.323e-05,2.104e-04,-1.000,4.529e-04,1.954,2.772,2.523,2.169,1.941,1.762,1.365,1.314
0.00049103,-1.50000,10.00000,0.8482272625,2.4344941050,0.846,1.175,3.7296,3.060,3,0.000,0.533,0.00,0.00,0.00,0.00,0.00,-1,-5.97e-12,0.00,7.530e-01,2.465e-01,8.428e-05,2.339e-05,2.108e-04,-1.000,4.788e-04,1.832,2.659,2.408,2.051,1.821,1.642,1.242,1.191
0.00049103,-1.50000,10.00000,0.8485724330,2.4345995636,0.846,1.221,3.7281,3.009,3,0.000,0.530,0.00,0.00,0.00,0.00,0.00,-1,-7.03e-12,0.00,7.516e-01,2.479e-01,8.395e-05,2.367e-05,2.111e-04,-1.000,4.923e-04,1.718,2.553,2.299,1.940,1.709,1.528,1.126,1.075
0.00049103,-1.50000,10.00000,0.8489086628,2.4347021958,0.846,1.270,3.7266,2.954,3,0.000,0.527,0.00,0.00,0.00,0.00,0.00,-1,-8.38e-12,0.00,7.503e-01,2.492e-01,8.343e-05,2.413e-05,2.113e-04,-1.000,4.940e-04,1.596,2.440,2.184,1.822,1.589,1.408,1.003,0.951
0.00049103,-1.50000,10.00000,0.8492313027,2.4348005919,0.846,1.321,3.7249,2.896,3,0.000,0.522,0.00,0.00,0.00,0.00,0.00,-1,-1.01e-11,0.00,7.491e-01,2.504e-01,8.276e-05,2.479e-05,2.115e-04,-1.000,4.935e-04,1.468,2.322,2.063,1.699,1.464,1.282,0.875,0.822
0.00049103,-1.50000,10.00000,0.8495016694,2.4348829799,0.846,1.367,3.7233,2.844,3,0.000,0.518,0.00,0.00,0.00,0.00,0.00,-1,-1.19e-11,0.00,7.481e-01,2.514e-01,8.212e-05,2.548e-05,2.116e-04,-1.000,4.935e-04,1.352,2.215,1.953,1.586,1.350,1.167,0.757,0.704
0.00049103,-1.50000,10.00000,0.8497484326,2.4349581227,0.847,1.413,3.7218,2.792,3,0.000,0.514,0.00,0.00,0.00,0.00,0.00,-1,-1.4e-11,0.00,7.474e-01,2.521e-01,8.153e-05,2.617e-05,2.117e-04,-1.000,4.880e-04,1.238,2.109,1.845,1.475,1.238,1.053,0.641,0.588
0.00049103,-1.50000,10.00000,0.8499803543,2.4350287003,0.847,1.460,3.7201,2.738,3,0.000,0.510,0.00,0.00,0.00,0.00,0.00,-1,-1.66e-11,0.00,7.468e-01,2.528e-01,8.103e-05,2.677e-05,2.118e-04,-1.000,4.659e-04,1.120,2.002,1.735,1.362,1.123,0.937,0.523,0.468
0.00049103,-1.50000,10.00000,0.8500000238,2.4350346840,0.847,1.464,3.7200,2.734,3,0.000,0.510,0.00,0.00,0.00,0.00,0.00,-1,-1.69e-11,0.00,7.467e-01,2.528e-01,8.099e-05,2.681e-05,2.118e-04,-1.000,4.632e-04,1.110,1.992,1.725,1.352,1.113,0.927,0.512,0.458
0.00049103,-1.50000,10.00000,0.8500950933,2.4350636009,0.847,1.484,3.7192,2.711,3,0.000,0.509,0.00,0.00,0.00,0.00,0.00,-1,-1.82e-11,0.00,7.465e-01,2.530e-01,8.081e-05,2.703e-05,2.118e-04,-1.000,4.501e-04,1.060,1.947,1.678,1.304,1.064,0.878,0.462,0.407
0.00049103,-1.50000,10.00000,0.8502922058,2.4351235321,0.847,1.529,3.7176,2.659,3,0.000,0.507,0.00,0.00,0.00,0.00,0.00,-1,-2.14e-11,0.00,7.462e-01,2.533e-01,8.053e-05,2.738e-05,2.119e-04,-1.000,4.541e-04,0.947,1.845,1.573,1.196,0.954,0.767,0.348,0.293
0.00049103,-1.50000,10.00000,0.8504767418,2.4351796105,0.847,1.575,3.7159,2.606,3,0.000,0.505,0.00,0.00,0.00,0.00,0.00,-1,-2.53e-11,0.00,7.459e-01,2.536e-01,8.030e-05,2.767e-05,2.119e-04,-1.000,4.941e-04,0.832,1.741,1.466,1.086,0.842,0.654,0.232,0.176
0.00049103,-1.50000,10.00000,0.8506460190,2.4352310273,0.847,1.621,3.7141,2.553,3,0.000,0.504,0.00,0.00,0.00,0.00,0.00,-1,-2.99e-11,0.00,7.458e-01,2.537e-01,8.017e-05,2.784e-05,2.120e-04,-1.000,4.941e-04,0.717,1.638,1.360,0.977,0.731,0.541,0.116,0.060
0.00049103,-1.50000,10.00000,0.8507986665,2.4352773728,0.847,1.666,3.7124,2.501,3,0.000,0.504,0.00,0.00,0.00,0.00,0.00,-1,-3.52e-11,0.00,7.457e-01,2.538e-01,8.013e-05,2.789e-05,2.120e-04,-1.000,4.941e-04,0.605,1.537,1.256,0.869,0.622,0.431,0.003,-0.054
0.00049103,-1.50000,10.00000,0.8509389162,2.4353199373,0.847,1.711,3.7106,2.449,3,0.000,0.504,0.00,0.00,0.00,0.00,0.00,-1,-4.15e-11,0.00,7.457e-01,2.538e-01,8.012e-05,2.790e-05,2.120e-04,-1.000,4.941e-04,0.493,1.437,1.152,0.762,0.512,0.320,-0.111,-0.169
0.00049103,-1.50000,10.00000,0.8510676622,2.4353589963,0.847,1.756,3.7086,2.396,3,0.000,0.504,0.00,0.00,0.00,0.00,0.00,-1,-4.88e-11,0.00,7.457e-01,2.538e-01,8.011e-05,2.791e-05,2.120e-04,-1.000,4.940e-04,0.380,1.339,1.050,0.655,0.403,0.209,-0.225,-0.283
0.00049103,-1.50000,10.00000,0.8511869311,2.4353951681,0.846,1.801,3.7067,2.343,3,0.000,0.504,0.00,0.00,0.00,0.00,0.00,-1,-5.76e-11,0.00,7.457e-01,2.538e-01,8.011e-05,2.792e-05,2.120e-04,-1.000,4.942e-04,0.267,1.240,0.947,0.548,0.293,0.098,-0.339,-0.398
0.00049103,-1.50000,10.00000,0.8512979746,2.4354288348,0.846,1.847,3.7048,2.290,3,0.000,0.504,0.00,0.00,0.00,0.00,0.00,-1,-6.8e-11,0.00,7.457e-01,2.538e-01,8.010e-05,2.793e-05,2.120e-04,-1.000,4.941e-04,0.154,1.141,0.844,0.440,0.183,-0.014,-0.455,-0.514
0.00049103,-1.50000,10.00000,0.8513988853,2.4354594206,0.846,1.891,3.7028,2.238,3,0.000,0.504,0.00,0.00,0.00,0.00,0.00,-1,-8.01e-11,0.00,7.457e-01,2.538e-01,8.009e-05,2.794e-05,2.120e-04,-1.000,4.941e-04,0.042,1.045,0.743,0.335,0.075,-0.123,-0.567,-0.628
0.00049103,-1.50000,10.00000,0.8514943719,2.4354883547,0.846,1.937,3.7008,2.184,3,0.000,0.504,0.00,0.00,0.00,0.00,0.00,-1,-9.46e-11,0.00,7.457e-01,2.538e-01,8.009e-05,2.795e-05,2.120e-04,-1.000,4.941e-04,-0.071,0.947,0.641,0.228,-0.035,-0.234,-0.683,-0.743
0.00049103,-1.50000,10.00000,0.8515785336,2.4355138510,0.846,1.980,3.6987,2.133,3,0.000,0.504,0.00,0.00,0.00,0.00,0.00,-1,-1.11e-10,0.00,7.457e-01,2.538e-01,8.008e-05,2.796e-05,2.120e-04,-1.000,4.940e-04,-0.179,0.857,0.545,0.128,-0.138,-0.339,-0.791,-0.852
0.00049103,-1.50000,10.00000,0.8516573310,2.4355377169,0.845,2.022,3.6967,2.082,3,0.000,0.504,0.00,0.00,0.00,0.00,0.00,-1,-1.29e-10,0.00,7.457e-01,2.538e-01,8.008e-05,2.796e-05,2.120e-04,-1.000,4.941e-04,-0.284,0.768,0.452,0.029,-0.239,-0.442,-0.897,-0.960
0.00049103,-1.50000,10.00000,0.8517361879,2.4355615958,0.845,2.064,3.6947,2.032,3,0.000,0.504,0.00,0.00,0.00,0.00,0.00,-1,-1.51e-10,0.00,7.457e-01,2.539e-01,8.007e-05,2.797e-05,2.120e-04,-1.000,4.941e-04,-0.389,0.681,0.360,-0.068,-0.338,-0.543,-1.003,-1.065
0.00049103,-1.50000,10.00000,0.8518394828,2.4355928671,0.844,2.101,3.6930,1.987,3,0.000,0.504,0.00,0.00,0.00,0.00,0.00,-1,-1.75e-10,0.00,7.456e-01,2.539e-01,8.007e-05,2.798e-05,2.120e-04,-1.000,4.941e-04,-0.483,0.601,0.276,-0.156,-0.429,-0.635,-1.098,-1.161
0.00049103,-1.50000,10.00000,0.8518710732,2.4356024290,0.844,2.090,3.6937,2.001,3,0.000,0.504,0.00,0.00,0.00,0.00,0.00,-1,-1.69e-10,0.00,7.456e-01,2.539e-01,8.007e-05,2.798e-05,2.120e-04,-1.000,4.941e-04,-0.456,0.622,0.298,-0.131,-0.403,-0.609,-1.070,-1.133
0.00049103,-1.50000,10.00000,0.8519049883,2.4356126936,0.844,2.078,3.6945,2.016,3,0.000,0.504,0.00,0.00,0.00,0.00,0.00,-1,-1.61e-10,0.00,7.456e-01,2.539e-01,8.006e-05,2.798e-05,2.120e-04,-1.000,4.941e-04,-0.425,0.646,0.324,-0.104,-0.375,-0.579,-1.039,-1.102
0.00049103,-1.50000,10.00000,0.8519589901,2.4356290357,0.844,2.117,3.6926,1.969,3,0.000,0.504,0.00,0.00,0.00,0.00,0.00,-1,-1.84e-10,0.00,7.456e-01,2.539e-01,8.006e-05,2.799e-05,2.120e-04,-1.000,4.941e-04,-0.524,0.565,0.238,-0.195,-0.468,-0.675,-1.138,-1.202
0.00049103,-1.50000,10.00000,0.8520124555,2.4356452130,0.843,2.159,3.6904,1.919,3,0.000,0.504,0.00,0.00,0.00,0.00,0.00,-1,-2.15e-10,0.00,7.456e-01,2.539e-01,8.006e-05,2.799e-05,2.120e-04,-1.000,4.941e-04,-0.627,0.481,0.149,-0.290,-0.567,-0.775,-1.243,-1.307
0.00049103,-1.50000,10.00000,0.8520630002,2.4356605045,0.843,2.201,3.6883,1.868,3,0.000,0.504,0.00,0.00,0.00,0.00,0.00,-1,-2.5e-10,0.00,7.456e-01,2.539e-01,8.005e-05,2.800e-05,2.120e-04,-1.000,4.942e-04,-0.732,0.398,0.059,-0.385,-0.665,-0.876,-1.348,-1.413
0.00049103,-1.50000,10.00000,0.8521093726,2.4356745319,0.842,2.242,3.6861,1.818,3,0.000,0.504,0.00,0.00,0.00,0.00,0.00,-1,-2.92e-10,0.00,7.456e-01,2.539e-01,8.005e-05,2.800e-05,2.120e-04,-1.000,4.942e-04,-0.835,0.317,-0.028,-0.479,-0.762,-0.974,-1.450,-1.516
0.00049103,-1.50000,10.00000,0.8521518111,2.4356873678,0.842,2.282,3.6838,1.768,3,0.000,0.504,0.00,0.00,0.00,0.00,0.00,-1,-3.39e-10,0.00,7.456e-01,2.539e-01,8.005e-05,2.800e-05,2.120e-04,-1.000,4.941e-04,-0.936,0.243,-0.112,-0.571,-0.858,-1.073,-1.553,-1.620
0.00049103,-1.50000,10.00000,0.8521921635,2.4356995714,0.841,2.323,3.6817,1.718,3,0.000,0.504,0.00,0.00,0.00,0.00,0.00,-1,-3.95e-10,0.00,7.456e-01,2.539e-01,8.005e-05,2.801e-05,2.120e-04,-1.000,4.941e-04,-1.038,0.167,-0.197,-0.665,-0.956,-1.174,-1.658,-1.725
0.00049103,-1.50000,10.00000,0.8522285819,2.4357105841,0.841,2.363,3.6793,1.669,3,0.000,0.504,0.00,0.00,0.00,0.00,0.00,-1,-4.58e-10,0.00,7.456e-01,2.539e-01,8.004e-05,2.801e-05,2.120e-04,-1.000,4.941e-04,-1.137,0.100,-0.276,-0.754,-1.050,-1.270,-1.758,-1.827
0.00049103,-1.50000,10.00000,0.8522636890,2.4357211992,0.840,2.404,3.6771,1.619,3,0.000,0.504,0.00,0.00,0.00,0.00,0.00,-1,-5.33e-10,0.00,7.456e-01,2.539e-01,8.004e-05,2.801e-05,2.120e-04,-1.000,4.941e-04,-1.239,0.029,-0.358,-0.846,-1.147,-1.369,-1.862,-1.931
0.00049103,-1.50000,10.00000,0.8523012996,2.4357325701,0.839,2.451,3.6741,1.559,3,0.000,0.503,0.00,0.00,0.00,0.00,0.00,-1,-6.37e-10,0.00,7.456e-01,2.539e-01,8.004e-05,2.802e-05,2.120e-04,-1.000,4.940e-04,-1.358,-0.045,-0.448,-0.950,-1.257,-1.484,-1.982,-2.052
0.00049103,-1.50000,10.00000,0.8523310423,2.4357415616,0.838,2.491,3.6719,1.510,3,0.000,0.503,0.00,0.00,0.00,0.00,0.00,-1,-7.42e-10,0.00,7.456e-01,2.539e-01,8.004e-05,2.802e-05,2.120e-04,-1.000,4.941e-04,-1.459,-0.111,-0.526,-1.040,-1.352,-1.581,-2.085,-2.155
0.00049103,-1.50000,10.00000,0.8523631692,2.4357512729,0.837,2.538,3.6689,1.450,3,0.000,0.503,7.57,5.91,4.19,3.24,2.62,3,-8.84e-10,0.00,7.456e-01,2.539e-01,8.004e-05,2.802e-05,2.120e-04,-1.000,4.941e-04,-1.576,-0.176,-0.610,-1.139,-1.459,-1.693,-2.204,-2.276
0.00049103,-1.50000,10.00000,0.8523883224,2.4357588757,0.836,2.578,3.6666,1.401,3,0.000,0.503,8.39,6.46,4.56,3.53,2.86,3,-1.03e-09,0.00,7.456e-01,2.539e-01,8.004e-05,2.802e-05,2.120e-04,-1.000,4.941e-04,-1.675,-0.231,-0.680,-1.223,-1.550,-1.787,-2.304,-2.376
0.00049103,-1.50000,10.00000,0.8524160981,2.4357672706,0.835,2.625,3.6635,1.341,3,0.000,0.503,9.51,7.19,5.05,3.91,3.17,3,-1.22e-09,0.00,7.456e-01,2.539e-01,8.003e-05,2.803e-05,2.120e-04,-1.000,4.940e-04,-1.792,-0.287,-0.758,-1.319,-1.655,-1.898,-2.421,-2.495
0.00049103,-1.50000,10.00000,0.8524417281,2.4357750163,0.834,2.672,3.6606,1.282,3,0.000,0.503,10.78,8.01,5.60,4.34,3.52,3,-1.46e-09,0.00,7.456e-01,2.539e-01,8.003e-05,2.803e-05,2.120e-04,-1.000,4.941e-04,-1.909,-0.342,-0.835,-1.415,-1.760,-2.008,-2.539,-2.614
0.00049103,-1.50000,10.00000,0.8524655104,2.4357822032,0.832,2.719,3.6575,1.222,3,0.000,0.503,12.23,8.92,6.21,4.82,3.91,3,-1.75e-09,0.00,7.456e-01,2.539e-01,8.003e-05,2.803e-05,2.120e-04,-1.000,4.942e-04,-2.027,-0.391,-0.907,-1.507,-1.862,-2.116,-2.656,-2.732
0.00049103,-1.50000,10.00000,0.8524862528,2.4357884711,0.831,2.763,3.6544,1.164,3,0.000,0.503,13.81,9.90,6.85,5.33,4.32,3,-2.07e-09,0.00,7.456e-01,2.539e-01,8.003e-05,2.803e-05,2.120e-04,-1.000,4.941e-04,-2.138,-0.445,-0.978,-1.592,-1.956,-2.213,-2.763,-2.841
0.00049103,-1.50000,10.00000,0.8525063992,2.4357945585,0.829,2.810,3.6514,1.104,3,0.000,0.503,15.65,11.02,7.59,5.92,4.80,2,-2.47e-09,0.00,7.456e-01,2.539e-01,8.003e-05,2.803e-05,2.120e-04,-1.000,4.941e-04,-2.254,-0.503,-1.053,-1.682,-2.054,-2.317,-2.875,-2.954
0.00049103,-1.50000,10.00000,0.8525244594,2.4358000153,0.827,2.854,3.6483,1.046,3,0.000,0.503,17.69,12.23,8.39,6.55,5.31,2,-2.93e-09,0.00,7.456e-01,2.539e-01,8.003e-05,2.804e-05,2.120e-04,-1.000,4.941e-04,-2.366,-0.556,-1.122,-1.766,-2.147,-2.414,-2.982,-3.063
0.00049103,-1.50000,10.00000,0.8525410295,2.4358050216,0.825,2.898,3.6452,0.989,3,0.000,0.503,19.96,13.57,9.26,7.24,5.87,2,-3.47e-09,0.00,7.456e-01,2.539e-01,8.003e-05,2.804e-05,2.120e-04,-1.000,4.942e-04,-2.476,-0.604,-1.188,-1.847,-2.238,-2.509,-3.086,-3.169
0.00049103,-1.50000,10.00000,0.8525569439,2.4358098296,0.822,2.944,3.6421,0.929,3,0.000,0.503,22.61,15.09,10.25,8.03,6.51,2,-4.13e-09,0.00,7.456e-01,2.539e-01,8.003e-05,2.804e-05,2.120e-04,-1.000,4.941e-04,-2.590,-0.649,-1.253,-1.928,-2.330,-2.607,-3.195,-3.279
0.00049103,-1.50000,10.00000,0.8525707126,2.4358139892,0.820,2.987,3.6389,0.873,3,0.000,0.503,25.46,16.70,11.29,8.86,7.19,2,-4.88e-09,0.00,7.456e-01,2.539e-01,8.002e-05,2.804e-05,2.120e-04,-1.000,4.941e-04,-2.696,-0.683,-1.307,-2.000,-2.412,-2.695,-3.294,-3.380
0.00049103,-1.50000,10.00000,0.8525838852,2.4358179686,0.817,3.030,3.6357,0.815,3,0.000,0.503,28.71,18.51,12.45,9.79,7.94,1,-5.76e-09,0.00,7.456e-01,2.539e-01,8.002e-05,2.804e-05,2.120e-04,-1.000,4.940e-04,-2.804,-0.716,-1.360,-2.071,-2.495,-2.783,-3.394,-3.482
0.00049103,-1.50000,10.00000,0.8525965810,2.4358218038,0.814,3.074,3.6326,0.757,3,0.000,0.503,32.47,20.56,13.76,10.84,8.80,1,-6.84e-09,0.00,7.456e-01,2.539e-01,8.002e-05,2.804e-05,2.120e-04,-1.000,4.941e-04,-2.916,-0.750,-1.416,-2.144,-2.581,-2.874,-3.497,-3.587
0.00049103,-1.50000,10.00000,0.8526076078,2.4358251347,0.811,3.115,3.6294,0.701,3,0.000,0.503,36.51,22.72,15.14,11.94,9.69,1,-8.04e-09,0.00,7.456e-01,2.539e-01,8.002e-05,2.804e-05,2.120e-04,-1.000,4.941e-04,-3.019,-0.774,-1.461,-2.208,-2.657,-2.956,-3.591,-3.683
0.00049103,-1.50000,10.00000,0.8526185751,2.4358284475,0.807,3.159,3.6263,0.643,3,0.000,0.503,41.25,25.21,16.72,13.21,10.73,1,-9.53e-09,0.00,7.456e-01,2.539e-01,8.002e-05,2.804e-05,2.120e-04,-1.000,4.941e-04,-3.128,-0.805,-1.512,-2.277,-2.739,-3.042,-3.691,-3.785
0.00049103,-1.50000,10.00000,0.8526287675,2.4358315262,0.802,3.202,3.6231,0.584,3,0.000,0.503,46.60,27.97,18.46,14.61,11.87,1,-1.13e-08,0.00,7.456e-01,2.539e-01,8.002e-05,2.804e-05,2.120e-04,-1.000,4.941e-04,-3.236,-0.832,-1.561,-2.343,-2.818,-3.127,-3.788,-3.885
0.00049103,-1.50000,10.00000,0.8526383042,2.4358344068,0.798,3.245,3.6199,0.527,3,0.000,0.503,52.59,31.00,20.36,16.14,13.12,1,-1.33e-08,0.00,7.456e-01,2.539e-01,8.002e-05,2.804e-05,2.120e-04,-1.000,4.941e-04,-3.341,-0.856,-1.606,-2.407,-2.895,-3.210,-3.884,-3.982
0.00049103,-1.50000,10.00000,0.8526474833,2.4358371792,0.792,3.287,3.6168,0.469,3,0.000,0.503,59.31,34.33,22.44,17.82,14.48,1,-1.57e-08,0.00,7.456e-01,2.539e-01,8.002e-05,2.805e-05,2.120e-04,-1.000,4.941e-04,-3.447,-0.871,-1.644,-2.465,-2.968,-3.288,-3.977,-4.078
0.00049103,-1.50000,10.00000,0.8526508212,2.4358381874,0.790,3.300,3.6158,0.451,3,0.000,0.503,61.70,35.49,23.17,18.41,14.96,1,-1.67e-08,0.00,7.456e-01,2.539e-01,8.002e-05,2.805e-05,2.120e-04,-1.000,4.941e-04,-3.481,-0.874,-1.655,-2.482,-2.990,-3.313,-4.007,-4.109
0.00049103,-1.50000,10.00000,0.8526508212,2.4358381874,0.790,1.757,3.7539,2.546,4,0.000,0.525,0.00,0.00,0.00,0.00,0.00,-1,-1e-30,0.00,7.420e-01,2.575e-01,8.499e-05,2.504e-05,2.161e-04,-1.000,4.941e-04,0.376,1.038,0.835,0.531,0.333,0.174,-0.181,-0.225
0.00049103,-1.50000,10.00000,0.8527115583,2.4358565306,0.790,1.777,3.7520,2.519,4,0.000,0.525,0.00,0.00,0.00,0.00,0.00,-1,-1e-30,0.00,7.420e-01,2.575e-01,8.499e-05,2.504e-05,2.161e-04,-1.000,4.941e-04,0.329,1.001,0.795,0.488,0.287,0.127,-0.231,-0.276
0.00049103,-1.50000,10.00000,0.8527708054,2.4358744208,0.790,1.779,3.7519,2.517,4,0.000,0.525,0.00,0.00,0.00,0.00,0.00,-1,-1e-30,0.00,7.420e-01,2.575e-01,8.499e-05,2.504e-05,2.161e-04,-1.000,4.941e-04,0.323,0.996,0.790,0.483,0.282,0.121,-0.236,-0.281
0.00049103,-1.50000,10.00000,0.8528320193,2.4358929020,0.790,1.780,3.7520,2.516,4,0.000,0.525,0.00,0.00,0.00,0.00,0.00,-1,-1e-30,0.00,7.420e-01,2.575e-01,8.499e-05,2.504e-05,2.161e-04,-1.000,4.941e-04,0.320,0.992,0.786,0.479,0.278,0.118,-0.240,-0.285
0.00049103,-1.50000,10.00000,0.8528926373,2.4359112002,0.790,1.781,3.7524,2.516,4,0.000,0.525,0.00,0.00,0.00,0.00,0.00,-1,-1e-30,0.00,7.420e-01,2.575e-01,8.499e-05,2.504e-05,2.161e-04,-1.000,4.941e-04,0.318,0.987,0.782,0.476,0.276,0.115,-0.242,-0.286
0.00049103,-1.50000,10.00000,0.8529537320,2.4359296394,0.790,1.781,3.7530,2.518,4,0.000,0.525,0.00,0.00,0.00,0.00,0.00,-1,-1e-30,0.00,7.420e-01,2.575e-01,8.499e-05,2.504e-05,2.161e-04,-1.000,4.941e-04,0.317,0.983,0.779,0.474,0.274,0.114,-0.242,-0.286
0.00049103,-1.50000,10.00000,0.8530157208,2.4359483453,0.790,1.781,3.7537,2.522,4,0.000,0.525,0.00,0.00,0.00,0.00,0.00,-1,-1e-30,0.00,7.420e-01,2.575e-01,8.499e-05,2.504e-05,2.161e-04,-1.000,4.941e-04,0.317,0.979,0.776,0.472,0.274,0.114,-0.240,-0.285
0.00049103,-1.50000,10.00000,0.8530770540,2.4359668502,0.791,1.781,3.7546,2.526,4,0.000,0.525,0.00,0.00,0.00,0.00,0.00,-1,-1e-30,0.00,7.420e-01,2.575e-01,8.499e-05,2.504e-05,2.161e-04,-1.000,4.941e-04,0.318,0.975,0.773,0.471,0.274,0.115,-0.238,-0.282
0.00049103,-1.50000,10.00000,0.8531396985,2.4359857477,0.791,1.780,3.7556,2.530,4,0.000,0.525,0.00,0.00,0.00,0.00,0.00,-1,-1e-30,0.00,7.420e-01,2.575e-01,8.499e-05,2.504e-05,2.161e-04,-1.000,4.941e-04,0.320,0.971,0.771,0.471,0.274,0.117,-0.235,-0.278
0.00049103,-1.50000,10.00000,0.8532013297,2.4360043363,0.791,1.779,3.7566,2.535,4,0.000,0.525,0.00,0.00,0.00,0.00,0.00,-1,-1e-30,0.00,7.420e-01,2.575e-01,8.499e-05,2.504e-05,2.161e-04,-1.000,4.941e-04,0.322,0.967,0.769,0.470,0.275,0.118,-0.231,-0.275
0.00049103,-1.50000,10.00000,0.8532584906,2.4360215739,0.791,1.778,3.7575,2.539,4,0.000,0.525,0.00,0.00,0.00,0.00,0.00,-1,-1e-30,0.00,7.420e-01,2.575e-01,8.499e-05,2.504e-05,2.161e-04,-1.000,4.941e-04,0.324,0.963,0.766,0.470,0.276,0.119,-0.229,-0.272
0.00049103,-1.50000,10.00000,0.8533226252,2.4360409114,0.791,1.778,3.7584,2.544,4,0.000,0.525,0.00,0.00,0.00,0.00,0.00,-1,-1e-30,0.00,7.420e-01,2.575e-01,8.499e-05,2.504e-05,2.161e-04,-1.000,4.941e-04,0.325,0.959,0.764,0.469,0.276,0.120,-0.226,-0.268
0.00049103,-1.50000,10.00000,0.8533862233,2.4360600838,0.791,1.777,3.7593,2.548,4,0.000,0.525,0.00,0.00,0.00,0.00,0.00,-1,-1e-30,0.00,7.420e-01,2.575e-01,8.499e-05,2.504e-05,2.161e-04,-1.000,4.941e-04,0.327,0.955,0.762,0.468,0.276,0.121,-0.223,-0.266
0.00049103,-1.50000,10.00000,0.8534479737,2.4360786960,0.791,1.777,3.7601,2.552,4,0.000,0.525,0.00,0.00,0.00,0.00,0.00,-1,-1e-30,0.00,7.420e-01,2.575e-01,8.499e-05,2.504e-05,2.161e-04,-1.000,4.941e-04,0.328,0.952,0.759,0.468,0.276,0.122,-0.221,-0.263
0.00049103,-1.50000,10.00000,0.8535100222,2.4360973949,0.791,1.777,3.7607,2.554,4,0.000,0.525,0.00,0.00,0.00,0.00,0.00,-1,-1e-30,0.00,7.420e-01,2.575e-01,8.499e-05,2.504e-05,2.161e-04,-1.000,4.941e-04,0.328,0.949,0.757,0.467,0.276,0.122,-0.220,-0.262
0.00049103,-1.50000,10.00000,0.8535169363,2.4360994784,0.791,1.777,3.7608,2.555,4,0.000,0.525,0.00,0.00,0.00,0.00,0.00,-1,-1e-30,0.00,7.420e-01,2.575e-01,8.499e-05,2.504e-05,2.161e-04,-1.000,4.941e-04,0.328,0.948,0.757,0.467,0.276,0.122,-0.219,-0.262
0.00049103,-1.50000,10.00000,0.8535731435,2.4361164140,0.791,1.777,3.7612,2.556,4,0.000,0.525,0.00,0.00,0.00,0.00,0.00,-1,-1e-30,0.00,7.420e-01,2.575e-01,8.499e-05,2.504e-05,2.161e-04,-1.000,4.941e-04,0.328,0.946,0.755,0.465,0.275,0.122,-0.219,-0.261
0.00049103,-1.50000,10.00000,0.8536343575,2.4361348553,0.791,1.777,3.7615,2.557,4,0.000,0.525,0.00,0.00,0.00,0.00,0.00,-1,-1e-30,0.00,7.420e-01,2.575e-01,8.499e-05,2.504e-05,2.161e-04,-1.000,4.941e-04,0.327,0.943,0.753,0.464,0.274,0.121,-0.220,-0.262
0.00049103,-1.50000,10.00000,0.8536941409,2.4361528626,0.791,1.778,3.7617,2.557,4,0.000,0.525,0.00,0.00,0.00,0.00,0.00,-1,-1e-30,0.00,7.420e-01,2.575e-01,8.499e-05,2.504e-05,2.161e-04,-1.000,4.941e-04,0.326,0.941,0.751,0.462,0.273,0.119,-0.221,-0.263
0.00049103,-1.50000,10.00000,0.8537510633,2.4361700056,0.791,1.779,3.7615,2.556,4,0.000,0.525,0.00,0.00,0.00,0.00,0.00,-1,-1e-30,0.00,7.420e-01,2.575e-01,8.499e-05,2.504e-05,2.161e-04,-1.000,4.941e-04,0.323,0.939,0.749,0.460,0.270,0.117,-0.223,-0.265
0.00049103,-1.50000,10.00000,0.8538099527,2.4361877381,0.791,1.780,3.7613,2.554,4,0.000,0.525,0.00,0.00,0.00,0.00,0.00,-1,-1e-30,0.00,7.420e-01,2.575e-01,8.499e-05,2.504e-05,2.161e-04,-1.000,4.941e-04,0.320,0.938,0.747,0.457,0.268,0.114,-0.227,-0.269
0.00049103,-1.50000,10.00000,0.8538725376,2.4362065803,0.791,1.782,3.7608,2.550,4,0.000,0.525,0.00,0.00,0.00,0.00,0.00,-1,-1e-30,0.00,7.420e-01,2.575e-01,8.499e-05,2.504e-05,2.161e-04,-1.000,4.941e-04,0.316,0.936,0.745,0.454,0.264,0.110,-0.232,-0.274
0.00049103,-1.50000,10.00000,0.8539312482,2.4362242532,0.791,1.784,3.7601,2.545,4,0.000,0.525,0.00,0.00,0.00,0.00,0.00,-1,-1e-30,0.00,7.420e-01,2.575e-01,8.499e-05,2.504e-05,2.161e-04,-1.000,4.941e-04,0.311,0.934,0.742,0.450,0.259,0.105,-0.238,-0.280
0.00049103,-1.50000,10.00000,0.8539585471,2.4362324697,0.791,1.785,3.7598,2.543,4,0.000,0.525,0.00,0.00,0.00,0.00,0.00,-1,-1e-30,0.00,7.420e-01,2.575e-01,8.499e-05,2.504e-05,2.161e-04,-1.000,4.941e-04,0.308,0.934,0.741,0.449,0.257,0.102,-0.241,-0.284
0.00049103,-1.50000,10.00000,0.8540089726,2.4362476453,0.792,1.787,3.7590,2.537,4,0.000,0.525,0.00,0.00,0.00,0.00,0.00,-1,-1e-30,0.00,7.420e-01,2.575e-01,8.499e-05,2.504e-05,2.161e-04,-1.000,4.941e-04,0.302,0.933,0.738,0.445,0.252,0.097,-0.248,-0.291
0.00049103,-1.50000,10.00000,0.8540623784,2.4362637155,0.792,1.790,3.7580,2.531,4,0.000,0.525,0.00,0.00,0.00,0.00,0.00,-1,-1e-30,0.00,7.420e-01,2.575e-01,8.499e-05,2.505e-05,2.161e-04,-1.000,4.941e-04,0.296,0.931,0.735,0.440,0.246,0.090,-0.256,-0.299
0.00049103,-1.50000,10.00000,0.8541151881,2.4362796042,0.792,1.793,3.7571,2.524,4,0.000,0.525,0.00,0.00,0.00,0.00,0.00,-1,-1e-30,0.00,7.420e-01,2.575e-01,8.499e-05,2.505e-05,2.161e-04,-1.000,4.941e-04,0.288,0.930,0.732,0.435,0.240,0.083,-0.265,-0.308
0.00049103,-1.50000,10.00000,0.8541691899,2.4362958491,0.792,1.796,3.7559,2.516,4,0.000,0.525,0.00,0.00,0.00,0.00,0.00,-1,-1e-30,0.00,7.420e-01,2.575e-01,8.499e-05,2.505e-05,2.161e-04,-1.000,4.941e-04,0.279,0.927,0.728,0.429,0.233,0.075,-0.275,-0.319
0.00049103,-1.50000,10.00000,0.8542208076,2.4363113747,0.792,1.800,3.7549,2.508,4,0.000,0.525,0.00,0.00,0.00,0.00,0.00,-1,-1e-30,0.00,7.420e-01,2.575e-01,8.499e-05,2.505e-05,2.161e-04,-1.000,4.942e-04,0.270,0.924,0.723,0.422,0.225,0.066,-0.286,-0.330
0.00049103,-1.50000,10.00000,0.8542723656,2.4363268801,0.792,1.804,3.7538,2.500,4,0.000,0.525,0.00,0.00,0.00,0.00,0.00,-1,-1e-30,0.00,7.420e-01,2.575e-01,8.499e-05,2.505e-05,2.161e-04,-1.000,4.940e-04,0.261,0.921,0.718,0.415,0.217,0.058,-0.297,-0.341
0.00049103,-1.50000,10.00000,0.8543232679,2.4363421863,0.792,1.808,3.7524,2.490,4,0.000,0.525,0.00,0.00,0.00,0.00,0.00,-1,-1e-30,0.00,7.420e-01,2.575e-01,8.499e-05,2.505e-05,2.161e-04,-1.000,4.941e-04,0.249,0.917,0.712,0.407,0.207,0.046,-0.310,-0.355
0.00049103,-1.50000,10.00000,0.8543750048,2.4363577412,0.792,1.815,3.7507,2.477,4,0.000,0.525,0.00,0.00,0.00,0.00,0.00,-1,-1e-30,0.00,7.420e-01,2.575e-01,8.499e-05,2.505e-05,2.161e-04,-1.000,4.940e-04,0.233,0.912,0.704,0.395,0.193,0.031,-0.329,-0.374
0.00049103,-1.50000,10.00000,0.8544264436,2.4363732044,0.792,1.822,3.7490,2.463,4,0.000,0.525,0.00,0.00,0.00,0.00,0.00,-1,-1e-30,0.00,7.420e-01,2.575e-01,8.499e-05,2.505e-05,2.161e-04,-1.000,4.941e-04,0.215,0.904,0.693,0.381,0.177,0.014,-0.349,-0.395
0.00049103,-1.50000,10.00000,0.8544600606,2.4363833090,0.792,1.828,3.7475,2.451,4,0.000,0.525,0.00,0.00,0.00,0.00,0.00,-1,-1e-30,0.00,7.420e-01,2.575e-01,8.499e-05,2.505e-05,2.161e-04,-1.000,4.941e-04,0.199,0.896,0.683,0.368,0.162,-0.002,-0.367,-0.413
0.00049103,-1.50000,10.00000,0.8545107841,2.4363985537,0.792,1.839,3.7451,2.430,4,0.000,0.525,0.00,0.00,0.00,0.00,0.00,-1,-1e-30,0.00,7.420e-01,2.575e-01,8.499e-05,2.505e-05,2.161e-04,-1.000,4.941e-04,0.172,0.883,0.665,0.346,0.137,-0.028,-0.398,-0.445
0.00049103,-1.50000,10.00000,0.8545632362,2.4364143157,0.792,1.856,3.7420,2.401,4,0.000,0.525,0.00,0.00,0.00,0.00,0.00,-1,-1e-30,0.00,7.420e-01,2.575e-01,8.499e-05,2.505e-05,2.161e-04,-1.000,4.941e-04,0.131,0.860,0.637,0.312,0.100,-0.068,-0.443,-0.491
0.00049103,-1.50000,10.00000,0.8546145558,2.4364297352,0.792,1.883,3.7373,2.355,4,0.000,0.525,0.00,0.00,0.00,0.00,0.00,-1,-1e-30,0.00,7.420e-01,2.575e-01,8.499e-05,2.505e-05,2.161e-04,-1.000,4.941e-04,0.062,0.819,0.588,0.254,0.037,-0.135,-0.518,-0.567
0.00049103,-1.50000,10.00000,0.8546455503,2.4364390468,0.792,1.915,3.7325,2.304,4,0.000,0.525,0.00,0.00,0.00,0.00,0.00,-1,-1e-30,0.00,7.420e-01,2.575e-01,8.499e-05,2.505e-05,2.161e-04,-1.000,4.940e-04,-0.017,0.770,0.530,0.186,-0.037,-0.212,-0.603,-0.654
0.00049103,-1.50000,10.00000,0.8546611071,2.4364437202,0.792,1.950,3.7276,2.250,4,0.000,0.525,0.00,0.00,0.00,0.00,0.00,-1,-1e-30,0.00,7.420e-01,2.575e-01,8.499e-05,2.505e-05,2.161e-04,-1.000,4.942e-04,-0.105,0.714,0.465,0.111,-0.118,-0.297,-0.696,-0.748
0.00049103,-1.50000,10.00000,0.8546677232,2.4364457077,0.792,1.985,3.7232,2.196,4,0.000,0.525,0.00,0.00,0.00,0.00,0.00,-1,-1e-30,0.00,7.420e-01,2.575e-01,8.499e-05,2.505e-05,2.161e-04,-1.000,4.940e-04,-0.193,0.655,0.396,0.033,-0.201,-0.383,-0.790,-0.843
0.00049103,-1.50000,10.00000,0.8546707630,2.4364466208,0.792,2.021,3.7192,2.144,4,0.000,0.525,0.00,0.00,0.00,0.00,0.00,-1,-1e-30,0.00,7.420e-01,2.575e-01,8.499e-05,2.505e-05,2.161e-04,-1.000,4.941e-04,-0.283,0.592,0.326,-0.046,-0.285,-0.470,-0.884,-0.939
0.00049103,-1.50000,10.00000,0.8546723127,2.4364470863,0.792,2.054,3.7159,2.098,4,0.000,0.525,0.00,0.00,0.00,0.00,0.00,-1,-1e-30,0.00,7.420e-01,2.575e-01,8.499e-05,2.505e-05,2.161e-04,-1.000,4.942e-04,-0.365,0.535,0.261,-0.118,-0.361,-0.549,-0.969,-1.025
0.00049103,-1.50000,10.00000,0.8546724319,2.4364471222,0.792,2.057,3.7156,2.095,7,0.000,0.525,0.00,0.00,0.00,0.00,0.00,-1,-1e-30,0.00,7.420e-01,2.575e-01,8.499e-05,2.505e-05,2.161e-04,-1.000,4.941e-04,-0.372,0.530,0.256,-0.124,-0.367,-0.555,-0.976,-1.031
0.00049103,-1.50000,10.00000,0.8546730876,2.4364473191,0.792,2.080,3.7135,2.063,7,0.000,0.525,0.00,0.00,0.00,0.00,0.00,-1,-1e-30,0.00,7.420e-01,2.575e-01,8.499e-05,2.505e-05,2.161e-04,-1.000,4.940e-04,-0.430,0.487,0.208,-0.176,-0.422,-0.612,-1.036,-1.092
0.00049103,-1.50000,10.00000,0.8546743989,2.4364477130,0.792,2.126,3.7097,2.002,7,0.000,0.525,0.00,0.00,0.00,0.00,0.00,-1,-1e-30,0.00,7.420e-01,2.575e-01,8.499e-05,2.505e-05,2.161e-04,-1.000,4.941e-04,-0.544,0.402,0.114,-0.279,-0.530,-0.722,-1.154,-1.211
0.00049103,-1.50000,10.00000,0.8546754122,2.4364480174,0.792,2.165,3.7066,1.950,7,0.000,0.525,0.00,0.00,0.00,0.00,0.00,-1,-1e-30,0.00,7.420e-01,2.575e-01,8.499e-05,2.505e-05,2.161e-04,-1.000,4.941e-04,-0.643,0.328,0.033,-0.367,-0.622,-0.818,-1.255,-1.314
0.00049103,-1.50000,10.00000,0.8546765447,2.4364483576,0.792,2.203,3.7038,1.901,7,0.000,0.525,0.00,0.00,0.00,0.00,0.00,-1,-1e-30,0.00,7.420e-01,2.575e-01,8.499e-05,2.505e-05,2.161e-04,-1.000,4.941e-04,-0.737,0.259,-0.044,-0.451,-0.710,-0.908,-1.351,-1.410
0.00049103,-1.50000,10.00000,0.8546790481,2.4364491096,0.792,2.227,3.7021,1.870,7,0.000,0.525,0.00,0.00,0.00,0.00,0.00,-1,-1e-30,0.00,7.420e-01,2.575e-01,8.499e-05,2.505e-05,2.161e-04,-1.000,4.940e-04,-0.798,0.212,-0.095,-0.507,-0.768,-0.968,-1.413,-1.473
0.00049103,-1.50000,10.00000,0.8546811342,2.4364497362,0.792,2.204,3.7040,1.901,7,0.000,0.525,0.00,0.00,0.00,0.00,0.00,-1,-1e-30,0.00,7.420e-01,2.575e-01,8.499e-05,2.505e-05,2.161e-04,-1.000,4.941e-04,-0.739,0.254,-0.047,-0.455,-0.713,-0.911,-1.353,-1.413
0.00049103,-1.50000,10.00000,0.8546891212,2.4364521354,0.792,2.169,3.7065,1.946,7,0.000,0.525,0.00,0.00,0.00,0.00,0.00,-1,-1e-30,0.00,7.420e-01,2.575e-01,8.499e-05,2.505e-05,2.161e-04,-1.000,4.941e-04,-0.654,0.319,0.023,-0.378,-0.633,-0.828,-1.265,-1.324
0.00049103,-1.50000,10.00000,0.8547232151,2.4364623760,0.792,2.192,3.7044,1.915,7,0.000,0.525,0.00,0.00,0.00,0.00,0.00,-1,-1e-30,0.00,7.420e-01,2.575e-01,8.499e-05,2.505e-05,2.161e-04,-1.000,4.941e-04,-0.710,0.280,-0.021,-0.427,-0.685,-0.882,-1.323,-1.383
0.00049103,-1.50000,10.00000,0.8547438383,2.4364685701,0.792,2.234,3.7011,1.859,7,0.000,0.525,0.00,0.00,0.00,0.00,0.00,-1,-1e-30,0.00,7.420e-01,2.575e-01,8.499e-05,2.505e-05,2.161e-04,-1.000,4.940e-04,-0.816,0.203,-0.106,-0.521,-0.784,-0.984,-1.431,-1.492
0.00049103,-1.50000,10.00000,0.8547598720,2.4364733855,0.792,2.269,3.6984,1.813,7,0.000,0.525,0.00,0.00,0.00,0.00,0.00,-1,-1e-30,0.00,7.420e-01,2.575e-01,8.499e-05,2.505e-05,2.161e-04,-1.000,4.941e-04,-0.903,0.140,-0.176,-0.598,-0.865,-1.067,-1.520,-1.581
0.00049103,-1.50000,10.00000,0.8547786474,2.4364790240,0.792,2.308,3.6955,1.763,7,0.000,0.525,0.00,0.00,0.00,0.00,0.00,-1,-1e-30,0.00,7.420e-01,2.575e-01,8.499e-05,2.505e-05,2.161e-04,-1.000,4.941e-04,-1.000,0.069,-0.255,-0.684,-0.955,-1.160,-1.618,-1.681
0.00049103,-1.50000,10.00000,0.8547967672,2.4364844654,0.792,2.349,3.6925,1.710,7,0.000,0.525,0.00,0.00,0.00,0.00,0.00,-1,-1e-30,0.00,7.420e-01,2.575e-01,8.499e-05,2.505e-05,2.161e-04,-1.000,4.941e-04,-1.102,-0.005,-0.337,-0.774,-1.050,-1.257,-1.721,-1.785
0.00049103,-1.50000,10.00000,0.8548129201,2.4364893159,0.792,2.390,3.6895,1.657,7,0.000,0.524,0.00,0.00,0.00,0.00,0.00,-1,-1e-30,0.00,7.420e-01,2.575e-01,8.499e-05,2.505e-05,2.161e-04,-1.000,4.941e-04,-1.205,-0.079,-0.419,-0.865,-1.144,-1.354,-1.825,-1.889
0.00049103,-1.50000,10.00000,0.8548272848,2.4364936293,0.792,2.431,3.6865,1.604,7,0.000,0.524,0.00,0.00,0.00,0.00,0.00,-1,-1e-30,0.00,7.420e-01,2.575e-01,8.496e-05,2.505e-05,2.161e-04,-1.000,4.941e-04,-1.307,-0.151,-0.500,-0.954,-1.238,-1.451,-1.927,-1.993
0.00049103,-1.50000,10.00000,0.8548401594,2.4364974950,0.792,2.472,3.6835,1.551,7,0.000,0.524,0.00,0.00,0.00,0.00,0.00,-1,-1e-30,0.00,7.420e-01,2.575e-01,8.486e-05,2.509e-05,2.161e-04,-1.000,4.941e-04,-1.410,-0.217,-0.579,-1.044,-1.334,-1.550,-2.031,-2.098
0.00049103,-1.50000,10.00000,0.8548517823,2.4365009848,0.792,2.513,3.6805,1.498,7,0.000,0.521,6.71,5.35,3.80,2.94,2.38,3,-1e-30,0.00,7.420e-01,2.575e-01,8.450e-05,2.529e-05,2.161e-04,-1.000,4.940e-04,-1.513,-0.280,-0.657,-1.135,-1.430,-1.650,-2.137,-2.205
0.00049103,-1.50000,10.00000,0.8548622727,2.4365041345,0.792,2.554,3.6775,1.445,7,0.000,0.516,7.51,5.89,4.17,3.22,2.61,3,-1e-30,0.00,7.420e-01,2.575e-01,8.358e-05,2.610e-05,2.161e-04,-1.000,4.941e-04,-1.616,-0.338,-0.731,-1.223,-1.525,-1.748,-2.242,-2.311
0.00049103,-1.50000,10.00000,0.8548718691,2.4365070157,0.792,2.595,3.6745,1.392,7,0.000,0.506,8.40,6.48,4.57,3.54,2.86,3,-1e-30,0.00,7.419e-01,2.576e-01,8.198e-05,2.790e-05,2.161e-04,-1.000,4.940e-04,-1.718,-0.391,-0.801,-1.309,-1.618,-1.846,-2.346,-2.416
0.00049103,-1.50000,10.00000,0.8548805714,2.4365096284,0.792,2.636,3.6714,1.339,7,0.000,0.495,9.40,7.13,5.00,3.88,3.14,3,-1e-30,0.00,7.418e-01,2.577e-01,8.026e-05,3.001e-05,2.161e-04,-1.000,4.938e-04,-1.820,-0.441,-0.869,-1.394,-1.711,-1.943,-2.451,-2.522
0.00049103,-1.50000,10.00000,0.8548887372,2.4365120799,0.793,2.677,3.6683,1.286,7,0.000,0.486,10.52,7.85,5.48,4.26,3.45,3,-1e-30,0.00,7.417e-01,2.578e-01,7.872e-05,3.190e-05,2.161e-04,-1.000,4.938e-04,-1.922,-0.485,-0.934,-1.476,-1.802,-2.039,-2.554,-2.627
0.00049103,-1.50000,10.00000,0.8548965454,2.4365144241,0.793,2.717,3.6652,1.233,7,0.000,0.477,11.77,8.64,6.01,4.68,3.79,3,-1e-30,0.00,7.417e-01,2.579e-01,7.728e-05,3.366e-05,2.161e-04,-1.000,4.940e-04,-2.023,-0.525,-0.995,-1.556,-1.891,-2.133,-2.656,-2.730
0.00049103,-1.50000,10.00000,0.8549040556,2.4365166787,0.793,2.757,3.6621,1.180,7,0.000,0.469,13.16,9.50,6.58,5.13,4.16,2,-1e-30,0.00,7.416e-01,2.579e-01,7.611e-05,3.511e-05,2.161e-04,-1.000,4.933e-04,-2.124,-0.560,-1.054,-1.634,-1.979,-2.227,-2.758,-2.833
0.00049103,-1.50000,10.00000,0.8549113870,2.4365188796,0.793,2.798,3.6589,1.126,7,0.000,0.463,14.75,10.47,7.22,5.63,4.57,2,-1e-30,0.00,7.415e-01,2.581e-01,7.506e-05,3.639e-05,2.161e-04,-1.000,4.929e-04,-2.226,-0.590,-1.109,-1.711,-2.067,-2.321,-2.860,-2.937
0.00049103,-1.50000,10.00000,0.8549180627,2.4365208836,0.793,2.840,3.6556,1.072,7,0.000,0.457,16.56,11.56,7.94,6.20,5.03,2,-1e-30,0.00,7.414e-01,2.582e-01,7.412e-05,3.754e-05,2.161e-04,-1.000,4.940e-04,-2.330,-0.629,-1.168,-1.787,-2.152,-2.411,-2.961,-3.038
0.00049103,-1.50000,10.00000,0.8549241424,2.4365227087,0.793,2.881,3.6523,1.018,7,0.000,0.452,18.57,12.74,8.71,6.82,5.53,2,-1e-30,0.00,7.412e-01,2.583e-01,7.332e-05,3.854e-05,2.160e-04,-1.000,4.941e-04,-2.432,-0.671,-1.227,-1.862,-2.236,-2.500,-3.058,-3.138
0.00049103,-1.50000,10.00000,0.8549295664,2.4365243369,0.793,2.923,3.6489,0.961,7,0.000,0.448,20.93,14.11,9.61,7.53,6.10,2,-1e-30,0.00,7.411e-01,2.584e-01,7.261e-05,3.942e-05,2.159e-04,-1.000,4.941e-04,-2.539,-0.708,-1.284,-1.935,-2.321,-2.590,-3.159,-3.240
0.00049103,-1.50000,10.00000,0.8549337387,2.4365255894,0.793,2.966,3.6454,0.905,7,0.000,0.445,23.56,15.62,10.58,8.30,6.73,2,-1e-30,0.00,7.410e-01,2.585e-01,7.202e-05,4.018e-05,2.157e-04,-1.000,4.941e-04,-2.644,-0.740,-1.336,-2.006,-2.402,-2.677,-3.258,-3.341
0.00049103,-1.50000,10.00000,0.8549372554,2.4365266450,0.793,3.005,3.6422,0.852,7,0.000,0.442,26.36,17.18,11.59,9.11,7.39,1,-1e-30,0.00,7.409e-01,2.586e-01,7.155e-05,4.081e-05,2.155e-04,-1.000,4.940e-04,-2.744,-0.770,-1.386,-2.072,-2.479,-2.759,-3.351,-3.436
0.00049103,-1.50000,10.00000,0.8549407721,2.4365277007,0.793,3.047,3.6387,0.797,7,0.000,0.441,29.60,18.97,12.74,10.03,8.14,1,-1e-30,0.00,7.408e-01,2.587e-01,7.117e-05,4.136e-05,2.153e-04,-1.000,4.940e-04,-2.847,-0.797,-1.434,-2.138,-2.557,-2.842,-3.446,-3.533
0.00049103,-1.50000,10.00000,0.8549438715,2.4365286310,0.793,3.096,3.6346,0.732,7,0.000,0.439,34.02,21.36,14.27,11.25,9.13,1,-1e-30,0.00,7.407e-01,2.588e-01,7.087e-05,4.184e-05,2.151e-04,-1.000,4.941e-04,-2.969,-0.823,-1.486,-2.212,-2.646,-2.938,-3.558,-3.647
0.00049103,-1.50000,10.00000,0.8549467921,2.4365295077,0.793,3.160,3.6290,0.645,7,0.000,0.438,40.87,24.98,16.57,13.10,10.64,1,-1e-30,0.00,7.406e-01,2.589e-01,7.064e-05,4.228e-05,2.149e-04,-1.000,4.941e-04,-3.130,-0.854,-1.552,-2.308,-2.762,-3.063,-3.703,-3.796
0.00049103,-1.50000,10.00000,0.8549469709,2.4365295614,0.793,3.184,3.6270,0.613,7,0.000,0.438,43.75,26.48,17.52,13.86,11.25,1,-1e-30,0.00,7.406e-01,2.589e-01,7.063e-05,4.230e-05,2.149e-04,-1.000,4.941e-04,-3.189,-0.863,-1.574,-2.341,-2.804,-3.108,-3.756,-3.850
0.00049103,-1.50000,10.00000,0.8549471498,2.4365296151,0.793,3.220,3.6237,0.564,7,0.000,0.436,48.52,28.92,19.06,15.10,12.26,1,-1e-30,0.00,7.403e-01,2.592e-01,6.990e-05,4.402e-05,2.138e-04,-1.000,4.941e-04,-3.279,-0.876,-1.606,-2.390,-2.865,-3.175,-3.835,-3.931
0.00049103,-1.50000,10.00000,0.8549474478,2.4365297045,0.793,3.265,3.6196,0.502,7,0.000,0.434,55.36,32.37,21.22,16.84,13.68,1,-1e-30,0.00,7.401e-01,2.594e-01,6.931e-05,4.558e-05,2.128e-04,-1.000,4.940e-04,-3.394,-0.890,-1.646,-2.452,-2.943,-3.259,-3.936,-4.034
0.00049103,-1.50000,10.00000,0.8549479842,2.4365298656,0.793,3.302,3.6163,0.452,7,0.000,0.434,61.56,35.43,23.14,18.38,14.94,1,-1e-30,0.00,7.400e-01,2.595e-01,6.906e-05,4.637e-05,2.122e-04,-1.000,4.941e-04,-3.486,-0.890,-1.669,-2.494,-3.001,-3.323,-4.015,-4.116
0.00049103,-1.50000,10.00000,0.8549481630,2.4365299192,0.793,3.309,3.6157,0.443,7,0.549,0.434,62.72,36.01,23.49,18.67,15.17,1,-1e-30,0.00,7.400e-01,2.595e-01,6.902e-05,4.652e-05,2.121e-04,-1.000,4.941e-04,-3.502,-0.890,-1.673,-2.502,-3.011,-3.334,-4.029,-4.131
0.00049103,-1.50000,10.00000,0.8549482822,2.4365299550,0.793,3.308,3.6159,0.445,7,0.548,0.434,62.50,35.90,23.43,18.62,15.13,1,-1e-30,0.00,7.400e-01,2.595e-01,6.901e-05,4.653e-05,2.121e-04,-1.000,4.941e-04,-3.500,-0.891,-1.673,-2.501,-3.010,-3.332,-4.027,-4.129
0.00049103,-1.50000,10.00000,0.8549483418,2.4365299729,0.793,3.412,3.6096,0.315,8,0.548,0.392,82.30,45.40,29.31,23.37,19.01,0,-1.05e-06,0.00,7.294e-01,2.702e-01,6.303e-05,5.855e-05,2.150e-04,-1.000,3.650e-04,-3.761,-0.940,-1.775,-2.650,-3.195,-3.532,-4.262,-4.369
0.00049103,-1.50000,10.00000,0.8549484015,2.4365299908,0.791,3.265,3.6201,0.504,8,0.549,0.391,55.13,32.25,21.15,16.78,13.63,1,-5.33e-07,0.00,7.294e-01,2.702e-01,6.303e-05,5.855e-05,2.150e-04,-1.000,3.649e-04,-3.393,-0.899,-1.653,-2.457,-2.946,-3.262,-3.937,-4.034
0.00049103,-1.50000,10.00000,0.8549484611,2.4365300087,0.790,3.126,3.6327,0.693,8,0.549,0.391,36.93,22.91,15.25,12.04,9.78,1,-2.77e-07,0.00,7.294e-01,2.702e-01,6.303e-05,5.855e-05,2.150e-04,-1.000,3.650e-04,-3.045,-0.851,-1.527,-2.265,-2.707,-3.002,-3.629,-3.719
0.00049103,-1.50000,10.00000,0.8549486399,2.4365300624,0.787,2.928,3.6506,0.960,8,0.549,0.391,20.94,14.12,9.61,7.53,6.11,2,-1.07e-07,0.00,7.294e-01,2.702e-01,6.303e-05,5.855e-05,2.150e-04,-1.000,3.650e-04,-2.551,-0.743,-1.314,-1.961,-2.342,-2.610,-3.175,-3.256
0.00049103,-1.50000,10.00000,0.8549489379,2.4365301518,0.782,2.934,3.6500,0.949,8,0.549,0.391,21.38,14.37,9.77,7.66,6.21,2,-1.12e-07,0.00,7.294e-01,2.702e-01,6.303e-05,5.855e-05,2.150e-04,-1.000,3.650e-04,-2.565,-0.744,-1.319,-1.969,-2.353,-2.621,-3.189,-3.269
0.00049103,-1.50000,10.00000,0.8549492359,2.4365302413,0.777,3.029,3.6412,0.816,8,0.549,0.391,28.31,18.25,12.27,9.66,7.84,1,-1.83e-07,0.00,7.294e-01,2.702e-01,6.303e-05,5.855e-05,2.150e-04,-1.000,3.650e-04,-2.802,-0.799,-1.424,-2.118,-2.530,-2.812,-3.409,-3.494
0.00049103,-1.50000,10.00000,0.8549495935,2.4365303486,0.770,3.180,3.6273,0.606,8,0.550,0.391,44.16,26.64,17.60,13.94,11.32,1,-3.9e-07,0.00,7.294e-01,2.702e-01,6.303e-05,5.855e-05,2.150e-04,-1.000,3.650e-04,-3.180,-0.857,-1.568,-2.335,-2.797,-3.101,-3.749,-3.842
0.00049103,-1.50000,10.00000,0.8549500704,2.4365304918,0.762,3.311,3.6153,0.422,8,0.550,0.391,65.05,37.01,24.10,19.18,15.59,1,-7.43e-07,0.00,7.294e-01,2.702e-01,6.303e-05,5.855e-05,2.150e-04,-1.000,3.650e-04,-3.507,-0.870,-1.659,-2.495,-3.007,-3.333,-4.032,-4.134
0.00049103,-1.50000,10.00000,0.8549505472,2.4365306349,0.753,3.397,3.6072,0.299,8,0.550,0.391,84.41,46.14,29.73,23.76,19.31,0,-1.15e-06,0.00,7.294e-01,2.702e-01,6.303e-05,5.855e-05,2.150e-04,-1.000,3.650e-04,-3.723,-0.846,-1.693,-2.578,-3.132,-3.472,-4.213,-4.321
0.00049103,-1.50000,10.00000,0.8549511433,2.4365308138,0.744,3.445,3.6027,0.227,8,0.551,0.391,98.03,52.31,33.51,26.84,21.82,0,-1.48e-06,0.00,7.294e-01,2.702e-01,6.303e-05,5.855e-05,2.150e-04,-1.000,3.650e-04,-3.842,-0.826,-1.704,-2.618,-3.197,-3.545,-4.310,-4.422
0.00049103,-1.50000,10.00000,0.8549517989,2.4365310106,0.733,3.469,3.6002,0.187,8,0.551,0.391,106.67,56.10,35.81,28.73,23.36,0,-1.73e-06,0.00,7.294e-01,2.702e-01,6.303e-05,5.855e-05,2.150e-04,-1.000,3.650e-04,-3.903,-0.807,-1.704,-2.634,-3.227,-3.580,-4.359,-4.473
0.00049103,-1.50000,10.00000,0.8549525142,2.4365312253,0.721,3.485,3.5985,0.157,8,0.552,0.391,113.30,58.92,37.52,30.14,24.50,0,-1.96e-06,0.00,7.294e-01,2.702e-01,6.303e-05,5.855e-05,2.150e-04,-1.000,3.650e-04,-3.942,-0.788,-1.698,-2.640,-3.243,-3.600,-4.389,-4.504
0.00049103,-1.50000,10.00000,0.8549553156,2.4365320662,0.553,-9.999,4.0000,1.708,9,0.554,0.000,0.00,0.00,0.00,0.00,0.00,-1,-1e-30,0.00,7.294e-01,2.702e-01,6.303e-05,5.855e-05,2.150e-04,-1.000,3.650e-04,29.767,30.025,30.058,30.063,30.057,30.055,30.055,30.044
